-- phpMyAdmin SQL Dump
-- version 4.8.3
-- https://www.phpmyadmin.net/
--
-- Host: 127.0.0.1
-- Generation Time: Sep 16, 2019 at 01:24 PM
-- Server version: 10.1.37-MariaDB
-- PHP Version: 7.2.12

SET SQL_MODE = "NO_AUTO_VALUE_ON_ZERO";
SET AUTOCOMMIT = 0;
START TRANSACTION;
SET time_zone = "+00:00";


/*!40101 SET @OLD_CHARACTER_SET_CLIENT=@@CHARACTER_SET_CLIENT */;
/*!40101 SET @OLD_CHARACTER_SET_RESULTS=@@CHARACTER_SET_RESULTS */;
/*!40101 SET @OLD_COLLATION_CONNECTION=@@COLLATION_CONNECTION */;
/*!40101 SET NAMES utf8mb4 */;

--
-- Database: `eapi`
--

-- --------------------------------------------------------

--
-- Table structure for table `failed_jobs`
--

CREATE TABLE `failed_jobs` (
  `id` bigint(20) UNSIGNED NOT NULL,
  `connection` text COLLATE utf8_unicode_ci NOT NULL,
  `queue` text COLLATE utf8_unicode_ci NOT NULL,
  `payload` longtext COLLATE utf8_unicode_ci NOT NULL,
  `exception` longtext COLLATE utf8_unicode_ci NOT NULL,
  `failed_at` timestamp NOT NULL DEFAULT CURRENT_TIMESTAMP
) ENGINE=InnoDB DEFAULT CHARSET=utf8 COLLATE=utf8_unicode_ci;

-- --------------------------------------------------------

--
-- Table structure for table `migrations`
--

CREATE TABLE `migrations` (
  `id` int(10) UNSIGNED NOT NULL,
  `migration` varchar(255) COLLATE utf8_unicode_ci NOT NULL,
  `batch` int(11) NOT NULL
) ENGINE=InnoDB DEFAULT CHARSET=utf8 COLLATE=utf8_unicode_ci;

--
-- Dumping data for table `migrations`
--

INSERT INTO `migrations` (`id`, `migration`, `batch`) VALUES
(1, '2014_10_12_000000_create_users_table', 1),
(2, '2014_10_12_100000_create_password_resets_table', 1),
(3, '2019_08_19_000000_create_failed_jobs_table', 1),
(4, '2019_09_16_080900_create_products_table', 1);

-- --------------------------------------------------------

--
-- Table structure for table `password_resets`
--

CREATE TABLE `password_resets` (
  `email` varchar(255) COLLATE utf8_unicode_ci NOT NULL,
  `token` varchar(255) COLLATE utf8_unicode_ci NOT NULL,
  `created_at` timestamp NULL DEFAULT NULL
) ENGINE=InnoDB DEFAULT CHARSET=utf8 COLLATE=utf8_unicode_ci;

-- --------------------------------------------------------

--
-- Table structure for table `products`
--

CREATE TABLE `products` (
  `id` bigint(20) UNSIGNED NOT NULL,
  `name` varchar(255) COLLATE utf8_unicode_ci NOT NULL,
  `detail` text COLLATE utf8_unicode_ci NOT NULL,
  `price` int(11) NOT NULL,
  `stock` int(11) NOT NULL,
  `discount` int(11) NOT NULL,
  `created_at` timestamp NULL DEFAULT NULL,
  `updated_at` timestamp NULL DEFAULT NULL
) ENGINE=InnoDB DEFAULT CHARSET=utf8 COLLATE=utf8_unicode_ci;

--
-- Dumping data for table `products`
--

INSERT INTO `products` (`id`, `name`, `detail`, `price`, `stock`, `discount`, `created_at`, `updated_at`) VALUES
(1, 'fugiat', 'Ut odit illo molestias. Quam velit et magni necessitatibus molestiae autem officia et. Et ut aperiam qui sit. Adipisci architecto officiis omnis voluptatum suscipit numquam dicta cupiditate.', 531, 0, 8, '2019-09-16 05:48:36', '2019-09-16 05:48:36'),
(2, 'pariatur', 'Dolor omnis sint quis sequi in. Est ea dolorum ex beatae animi. Et assumenda porro repudiandae. Non id atque optio hic illo et.', 724, 1, 6, '2019-09-16 05:48:36', '2019-09-16 05:48:36'),
(3, 'officiis', 'Dolorum veritatis repudiandae est fugit nemo perspiciatis. Id aperiam nemo sunt alias quo. Rerum ea ea voluptatem et consequuntur. Est voluptatem quibusdam culpa natus soluta.', 724, 0, 15, '2019-09-16 05:48:36', '2019-09-16 05:48:36'),
(4, 'ea', 'Praesentium quia illum sit quas. Quis a harum adipisci ut voluptas labore.', 514, 0, 29, '2019-09-16 05:48:36', '2019-09-16 05:48:36'),
(5, 'impedit', 'Libero autem unde laboriosam dicta doloribus. Dolor nemo et dignissimos rerum. Explicabo nulla corrupti et harum nihil est dolorum. Fugit doloremque numquam nulla aspernatur quia et.', 408, 7, 12, '2019-09-16 05:48:36', '2019-09-16 05:48:36'),
(6, 'odio', 'Ut aut assumenda rerum eligendi. Rerum quibusdam libero facere.', 886, 8, 26, '2019-09-16 05:48:36', '2019-09-16 05:48:36'),
(7, 'omnis', 'Alias aut consequuntur id qui eum. Perferendis dicta laborum dolorem provident accusamus. Et repellendus quo quis iste ut molestias sapiente et.', 952, 5, 8, '2019-09-16 05:48:36', '2019-09-16 05:48:36'),
(8, 'similique', 'Perspiciatis eveniet aut consequatur alias porro qui impedit quis. Est molestiae blanditiis architecto error ipsum. Non reiciendis enim eveniet veritatis omnis. Eligendi est similique beatae esse.', 192, 3, 18, '2019-09-16 05:48:36', '2019-09-16 05:48:36'),
(9, 'ipsa', 'Dolor sunt commodi omnis ducimus ipsa sunt adipisci veniam. Quod sunt atque autem ut. Laboriosam fugit iste sint inventore. Nostrum nulla eveniet deserunt nihil molestias.', 370, 3, 28, '2019-09-16 05:48:36', '2019-09-16 05:48:36'),
(10, 'omnis', 'Dolorem voluptatem illum eum dolor explicabo sunt voluptas. Magnam consequatur enim veritatis enim mollitia.', 642, 2, 5, '2019-09-16 05:48:36', '2019-09-16 05:48:36'),
(11, 'nihil', 'Delectus dolor est saepe aliquam incidunt dolor voluptatem. Dolorem dignissimos quasi incidunt consequuntur qui blanditiis maxime laudantium. Labore qui unde mollitia molestiae commodi hic.', 571, 3, 22, '2019-09-16 05:48:36', '2019-09-16 05:48:36'),
(12, 'necessitatibus', 'Laudantium quia et repudiandae vero in fuga nulla. Omnis laborum iusto impedit animi unde iure totam ducimus. Voluptatem dignissimos saepe quia eos. Quis similique inventore consequuntur optio voluptates rerum. Quam eligendi in est sit ut aut rem vel.', 580, 4, 20, '2019-09-16 05:48:36', '2019-09-16 05:48:36'),
(13, 'maxime', 'Corrupti quidem soluta quasi deleniti magni atque et. Architecto dolore velit dolores. Labore commodi et voluptas ut qui sint. Qui incidunt dolorem vel corrupti quas hic.', 912, 9, 11, '2019-09-16 05:48:36', '2019-09-16 05:48:36'),
(14, 'nesciunt', 'Quia ipsa quia neque qui officiis officia mollitia facere. Totam earum et ipsum iste numquam eaque. Inventore sunt rerum minus recusandae temporibus iure voluptas.', 602, 5, 8, '2019-09-16 05:48:36', '2019-09-16 05:48:36'),
(15, 'ducimus', 'Quod est explicabo assumenda cum asperiores laborum. Voluptas nisi quis libero illum quo. Culpa sunt aspernatur natus fugit dolorum est rem. Nesciunt mollitia assumenda ut est.', 391, 6, 14, '2019-09-16 05:48:36', '2019-09-16 05:48:36'),
(16, 'omnis', 'Dolore vel cupiditate delectus unde velit nam nemo. Sequi laborum repudiandae tempora corporis rerum modi fuga. Rerum ad doloribus voluptatum unde blanditiis commodi.', 523, 6, 18, '2019-09-16 05:48:36', '2019-09-16 05:48:36'),
(17, 'illum', 'Et consequuntur voluptatem aut corrupti adipisci sit error. Dignissimos a placeat quos quia tempora ea earum. Voluptas ex corrupti non quam qui. Quod impedit iure nisi et id.', 926, 8, 29, '2019-09-16 05:48:36', '2019-09-16 05:48:36'),
(18, 'excepturi', 'Voluptas enim beatae officiis non nihil accusamus quos eius. Officiis doloribus dolorem modi. Quae delectus error cumque sunt sapiente.', 307, 2, 7, '2019-09-16 05:48:36', '2019-09-16 05:48:36'),
(19, 'sed', 'Est iusto autem recusandae qui necessitatibus dolorum molestiae. Dolore est asperiores consectetur dolores pariatur. Placeat vitae magnam hic aperiam dignissimos. Quaerat nihil qui eum nihil praesentium dicta.', 530, 1, 6, '2019-09-16 05:48:36', '2019-09-16 05:48:36'),
(20, 'quia', 'Quia rerum facilis mollitia sit consequuntur delectus. Qui eligendi ut fugiat natus culpa ut temporibus. Est voluptatem aut rem sed. Illum voluptas suscipit architecto inventore ab non.', 990, 5, 3, '2019-09-16 05:48:37', '2019-09-16 05:48:37'),
(21, 'reiciendis', 'Minima atque et possimus ut non enim blanditiis. Voluptatem id cupiditate harum dicta labore tempore architecto hic. Autem animi vel harum ratione. Porro aperiam mollitia velit et voluptas consequuntur officia vero.', 272, 5, 6, '2019-09-16 05:48:37', '2019-09-16 05:48:37'),
(22, 'itaque', 'Ex mollitia corrupti non natus dolorem reprehenderit amet. Dolores dolor excepturi et aut ex accusantium repellat. Facilis laboriosam asperiores aut minima expedita aperiam illo. Consequuntur illum perferendis at assumenda quos. Nam quasi quam qui ea dignissimos.', 278, 6, 26, '2019-09-16 05:48:37', '2019-09-16 05:48:37'),
(23, 'fugiat', 'Aut sit dolorum autem quis. Dolor provident soluta nisi quaerat et. Iusto rerum aut harum blanditiis perspiciatis. Officia ea minima expedita delectus.', 677, 8, 30, '2019-09-16 05:48:37', '2019-09-16 05:48:37'),
(24, 'animi', 'Quibusdam aut quis deserunt et harum. Voluptatem modi quod quisquam voluptates quasi aspernatur. Natus eligendi sequi eveniet dolores est aut. Est sequi sit voluptatum quibusdam exercitationem nisi placeat exercitationem.', 967, 7, 14, '2019-09-16 05:48:37', '2019-09-16 05:48:37'),
(25, 'earum', 'Aliquid eos id sequi sunt quaerat. Voluptatem voluptas pariatur ex ratione. Non perferendis aut rerum quis veniam ut.', 528, 9, 18, '2019-09-16 05:48:37', '2019-09-16 05:48:37'),
(26, 'incidunt', 'Assumenda deleniti non quo voluptatibus aliquam dicta ut adipisci. Aut voluptas a quis qui aspernatur eos et. Nemo non aut quod impedit ratione sed. Qui inventore a debitis sint aut nobis.', 187, 6, 28, '2019-09-16 05:48:37', '2019-09-16 05:48:37'),
(27, 'aperiam', 'At autem magni sit fugiat ut. Est quo quod mollitia repudiandae laborum accusamus. Et debitis laborum sapiente suscipit ad culpa non. Id est quia mollitia voluptas ut quia molestiae.', 945, 6, 22, '2019-09-16 05:48:37', '2019-09-16 05:48:37'),
(28, 'omnis', 'Odio rerum dolorem ut suscipit. Est delectus officiis dolorem ut et. Vitae voluptates veniam quia sint iste sit vel.', 804, 2, 16, '2019-09-16 05:48:37', '2019-09-16 05:48:37'),
(29, 'ab', 'Omnis magnam illo alias soluta dignissimos quaerat repellat. Soluta voluptatem sunt odit quo distinctio numquam aliquid tempore. Accusamus rerum aut est reiciendis esse atque beatae.', 292, 0, 7, '2019-09-16 05:48:37', '2019-09-16 05:48:37'),
(30, 'quam', 'Et accusamus eos culpa dolor quia eligendi et. Odit pariatur voluptatibus ut. Expedita dolorem eum hic rerum possimus voluptas enim. Dolores natus consectetur aspernatur eum consectetur ut.', 403, 0, 27, '2019-09-16 05:48:37', '2019-09-16 05:48:37'),
(31, 'eaque', 'Quisquam est earum porro deserunt accusantium ut et vitae. Quaerat qui voluptas rerum officia adipisci iste provident. Consequatur ut nam amet. Sint eum quo ut veritatis temporibus odio dolorem.', 856, 7, 2, '2019-09-16 05:48:37', '2019-09-16 05:48:37'),
(32, 'hic', 'Deserunt alias fugit rerum molestiae. Earum et ipsa sit natus architecto cum voluptate. Iste temporibus et ipsam voluptatem. Quasi adipisci iusto commodi voluptatem laboriosam.', 375, 2, 12, '2019-09-16 05:48:37', '2019-09-16 05:48:37'),
(33, 'repellat', 'Voluptatibus blanditiis voluptas et sit. Ducimus est sed voluptatem beatae vero dolores qui. At consequuntur fuga et aliquid repellat.', 293, 9, 26, '2019-09-16 05:48:37', '2019-09-16 05:48:37'),
(34, 'tenetur', 'Tempore hic recusandae qui. Odio sed blanditiis repellendus autem vero omnis. Ut autem minima est sed. Temporibus ducimus nihil asperiores voluptas repudiandae non omnis.', 250, 2, 27, '2019-09-16 05:48:37', '2019-09-16 05:48:37'),
(35, 'unde', 'Enim dolorum facilis quod rem debitis placeat consequuntur. Aperiam culpa consequuntur harum optio. Ut dicta minima tenetur atque quis est et. Ex ipsum nihil libero dolores.', 512, 1, 3, '2019-09-16 05:48:37', '2019-09-16 05:48:37'),
(36, 'quos', 'Magni quasi enim blanditiis eligendi cupiditate omnis mollitia facere. Non eum quos eum ea totam a fugit. Maiores nulla perspiciatis voluptatibus laudantium magnam voluptates rerum sunt.', 682, 9, 23, '2019-09-16 05:48:37', '2019-09-16 05:48:37'),
(37, 'ad', 'Sapiente enim non eaque et magni. Aspernatur et voluptatem recusandae qui suscipit ea dolorem.', 638, 6, 23, '2019-09-16 05:48:37', '2019-09-16 05:48:37'),
(38, 'modi', 'Voluptas placeat dolor beatae sequi minus asperiores. Nesciunt in quas est voluptatem voluptas voluptate. Aut quibusdam aut et in odit voluptatem. Atque consectetur est aliquam placeat aut cumque dignissimos.', 527, 7, 26, '2019-09-16 05:48:37', '2019-09-16 05:48:37'),
(39, 'molestiae', 'Praesentium blanditiis vel et nam molestiae. Cum non necessitatibus autem officia eum illum sed odit. Voluptate magnam numquam cupiditate est commodi aut expedita fugit. Sed exercitationem quidem reiciendis repellat incidunt odit libero.', 324, 4, 24, '2019-09-16 05:48:37', '2019-09-16 05:48:37'),
(40, 'sed', 'Accusamus nulla minus accusantium. Totam molestiae dolores unde et reprehenderit. Consequatur ea mollitia vitae deleniti dolor eius. Modi esse illo autem eum.', 278, 1, 17, '2019-09-16 05:48:37', '2019-09-16 05:48:37'),
(41, 'doloremque', 'Explicabo delectus mollitia voluptatem sit itaque. In et nulla et suscipit. Alias non magnam ratione a dicta distinctio suscipit.', 652, 1, 14, '2019-09-16 05:48:37', '2019-09-16 05:48:37'),
(42, 'mollitia', 'Qui dolorem natus illum doloribus. Neque provident cum quis aliquam vel voluptate voluptas et.', 714, 5, 5, '2019-09-16 05:48:37', '2019-09-16 05:48:37'),
(43, 'eveniet', 'Rerum et quia magnam ut dolorum molestiae omnis. Perspiciatis sapiente blanditiis eum. Nihil esse officiis ut totam nostrum nisi ab rem. Aut tenetur totam et in.', 264, 2, 8, '2019-09-16 05:48:37', '2019-09-16 05:48:37'),
(44, 'qui', 'Ratione dolor omnis inventore quos velit placeat. Quia aspernatur similique dolorem. Corporis esse perspiciatis est sint tempore. Eos eum est inventore autem cum.', 892, 7, 6, '2019-09-16 05:48:37', '2019-09-16 05:48:37'),
(45, 'aut', 'Est aliquam iste labore et animi quae nihil. Ex at non fugit. A non eaque enim. Debitis est qui dolorem hic consequatur consequuntur. Temporibus molestiae molestiae quaerat eos.', 511, 2, 29, '2019-09-16 05:48:37', '2019-09-16 05:48:37'),
(46, 'minus', 'Quia mollitia sint similique aut. Enim dolor voluptas consequatur ea quis ex aut. Commodi fugiat quidem eveniet rerum sed nulla. Est est minima eum quia iste quia. Asperiores laudantium et praesentium occaecati id aperiam occaecati.', 449, 8, 10, '2019-09-16 05:48:37', '2019-09-16 05:48:37'),
(47, 'ducimus', 'Voluptate sit modi at quia qui aut dolorem distinctio. Recusandae rerum laudantium ratione molestiae et odio aut. Assumenda voluptatum et commodi omnis expedita ratione et.', 505, 4, 24, '2019-09-16 05:48:37', '2019-09-16 05:48:37'),
(48, 'adipisci', 'Commodi sequi quis qui. Ex est dolorum quasi voluptas architecto voluptatem dolores. Deleniti accusantium aut placeat aut soluta quisquam deleniti. Eos tempore corrupti asperiores vitae sunt molestiae autem.', 734, 1, 15, '2019-09-16 05:48:37', '2019-09-16 05:48:37'),
(49, 'nemo', 'Debitis non ut est optio vero et molestias. Ipsa possimus vero ratione repellendus neque temporibus. Perferendis ut qui magni maxime. Repellat deleniti ipsa ducimus aut cupiditate sed assumenda.', 154, 3, 24, '2019-09-16 05:48:37', '2019-09-16 05:48:37'),
(50, 'iusto', 'Consequatur libero architecto dicta. Voluptas vitae accusamus molestiae vel autem eligendi. A ullam libero vel id similique.', 850, 5, 27, '2019-09-16 05:48:37', '2019-09-16 05:48:37'),
(51, 'sed', 'Earum ut iste sapiente porro. In incidunt vitae ut. Tempora voluptatem sit illum qui aliquam excepturi.', 454, 6, 26, '2019-09-16 05:52:10', '2019-09-16 05:52:10'),
(52, 'dignissimos', 'Optio qui enim est error in ullam ea. Voluptatum laboriosam error et doloremque vel libero sint. Perspiciatis eum placeat ipsam qui facilis.', 294, 5, 20, '2019-09-16 05:52:10', '2019-09-16 05:52:10'),
(53, 'tenetur', 'Voluptatem illum vitae vel vel temporibus vel earum. Fugiat quis ut alias vero ducimus eaque ea nesciunt.', 927, 3, 20, '2019-09-16 05:52:10', '2019-09-16 05:52:10'),
(54, 'rerum', 'Tempore dolores ex veritatis amet quod nobis. Voluptas suscipit voluptatem sed iste odio. Quam laborum ab et quod voluptates repellendus. Aut dolores doloribus neque dolores.', 328, 1, 28, '2019-09-16 05:52:10', '2019-09-16 05:52:10'),
(55, 'reiciendis', 'Provident porro earum minima at sint porro quibusdam. Repellendus ut non hic aut. Sed debitis eos architecto aspernatur. Distinctio assumenda porro perferendis.', 499, 4, 25, '2019-09-16 05:52:10', '2019-09-16 05:52:10'),
(56, 'architecto', 'Dolore nam quae voluptatum id hic quia. Facere eum aut eos ipsam aut et. Et impedit repellendus eos vitae. Labore corporis repellat provident voluptatem quia doloremque.', 751, 4, 2, '2019-09-16 05:52:10', '2019-09-16 05:52:10'),
(57, 'cum', 'Consequuntur repellendus qui cupiditate facilis quam magnam ut architecto. Nulla aut quo vel aperiam quibusdam. Perspiciatis facere incidunt ipsa iusto et perferendis voluptatem. Pariatur et sequi voluptatem ea neque voluptas.', 852, 2, 14, '2019-09-16 05:52:10', '2019-09-16 05:52:10'),
(58, 'nihil', 'Non facilis expedita nemo et minima qui. Qui facere officia velit. Voluptatem architecto numquam architecto vitae aut voluptas autem. Non aspernatur neque impedit expedita repellendus vitae et.', 430, 8, 13, '2019-09-16 05:52:10', '2019-09-16 05:52:10'),
(59, 'commodi', 'Eius cupiditate et nobis optio sed quia nihil. Ea nihil officia et eveniet quis qui. Vel illo laboriosam libero temporibus. Quidem iure itaque quam aspernatur quia.', 280, 9, 5, '2019-09-16 05:52:10', '2019-09-16 05:52:10'),
(60, 'reprehenderit', 'Accusamus consequuntur repellat sit. Molestiae voluptatibus tempora perferendis ut. Quidem maxime sit rem est impedit voluptas.', 581, 7, 7, '2019-09-16 05:52:10', '2019-09-16 05:52:10'),
(61, 'quo', 'Aut exercitationem est et harum eum quaerat. Quo unde omnis libero et qui consequatur. Et nobis laborum voluptas atque. Qui odio illum accusamus nihil.', 707, 8, 19, '2019-09-16 05:52:10', '2019-09-16 05:52:10'),
(62, 'ut', 'Iste molestias id at facere impedit nihil eos a. Nesciunt sit et illum itaque quo voluptas. Ratione qui neque pariatur magni dignissimos ducimus aut.', 326, 3, 13, '2019-09-16 05:52:10', '2019-09-16 05:52:10'),
(63, 'nisi', 'Cum consequatur beatae sunt quia voluptatem. Neque dicta et qui eveniet veritatis occaecati. Aut repellat sit omnis.', 110, 9, 8, '2019-09-16 05:52:10', '2019-09-16 05:52:10'),
(64, 'iure', 'Numquam doloribus et aut illum earum. Eos adipisci iure nam magnam illum ipsa. Blanditiis perferendis quae optio. A cumque quae laborum mollitia saepe quae.', 453, 9, 24, '2019-09-16 05:52:10', '2019-09-16 05:52:10'),
(65, 'animi', 'Commodi est eius quaerat exercitationem. Asperiores eligendi ipsa atque deserunt iusto aut eum quibusdam. Id quia perferendis corporis laudantium voluptatem. Voluptatem minima cum et.', 249, 2, 16, '2019-09-16 05:52:10', '2019-09-16 05:52:10'),
(66, 'eos', 'Ab praesentium nemo eum est esse sint nihil. Odio accusantium necessitatibus fugit recusandae nihil est. Asperiores dolores temporibus quia officiis in. A qui animi quidem saepe fugit non rem.', 308, 0, 22, '2019-09-16 05:52:10', '2019-09-16 05:52:10'),
(67, 'aliquid', 'Et minus fuga ut repellendus sint. Quo et ut saepe in beatae aut asperiores. Distinctio est recusandae in quia est repellat. Recusandae sit quae dolor hic sed ut sed. Accusamus sunt omnis ducimus repellendus aliquam consequatur sit.', 932, 3, 23, '2019-09-16 05:52:10', '2019-09-16 05:52:10'),
(68, 'sunt', 'Alias placeat delectus autem beatae. Aliquam magnam ad aperiam et. Est quae dignissimos eum non est eum itaque. Blanditiis et eum consectetur sit unde omnis tempore.', 465, 0, 18, '2019-09-16 05:52:11', '2019-09-16 05:52:11'),
(69, 'tempore', 'Sit temporibus perferendis fugiat inventore blanditiis aut et. Dolores ipsum est qui quia numquam id.', 971, 8, 30, '2019-09-16 05:52:11', '2019-09-16 05:52:11'),
(70, 'aut', 'Quia aut est doloremque cum sed. Dignissimos earum est alias perspiciatis doloribus. Est incidunt qui illum praesentium.', 593, 9, 11, '2019-09-16 05:52:11', '2019-09-16 05:52:11'),
(71, 'impedit', 'Iusto cupiditate consequatur non ab aut non voluptas. Sit numquam occaecati corporis ea sit. Officiis ab et dolorum suscipit fuga repellendus consequatur. Dolores deleniti harum assumenda nemo.', 292, 5, 13, '2019-09-16 05:52:11', '2019-09-16 05:52:11'),
(72, 'aut', 'Nihil ab qui quibusdam sit et et. Iure non veritatis temporibus et voluptas eveniet. Et qui non tempora et mollitia.', 407, 8, 27, '2019-09-16 05:52:11', '2019-09-16 05:52:11'),
(73, 'dolor', 'Dolorem omnis accusantium qui tenetur quis. Autem qui dolores nam modi. Impedit quia architecto ratione iste quia.', 201, 4, 11, '2019-09-16 05:52:11', '2019-09-16 05:52:11'),
(74, 'iusto', 'Reiciendis ipsam quisquam et dignissimos. Labore laborum ex omnis est quaerat cupiditate. Voluptas consectetur voluptatem eos esse. Dolore nemo alias eligendi minima.', 382, 0, 23, '2019-09-16 05:52:11', '2019-09-16 05:52:11'),
(75, 'molestiae', 'Nobis harum quasi sit consectetur quae voluptatibus est. Quasi molestiae et odio ullam possimus. Facere molestiae excepturi veniam omnis possimus voluptatibus vero repellat.', 510, 0, 5, '2019-09-16 05:52:11', '2019-09-16 05:52:11'),
(76, 'ut', 'Nemo rem ullam rerum et deleniti ex architecto. Saepe corrupti voluptas vitae maiores. Aliquid delectus dolore iusto consequatur ut.', 415, 5, 22, '2019-09-16 05:52:11', '2019-09-16 05:52:11'),
(77, 'voluptatem', 'Dolor et aut saepe omnis. Est aut non maiores dolore excepturi fugiat. Magni labore dolores dolorem maiores quasi saepe perferendis dolorem. Quod qui modi doloremque dolores impedit quis quis non.', 352, 0, 6, '2019-09-16 05:52:11', '2019-09-16 05:52:11'),
(78, 'error', 'Voluptates et voluptatibus sed quae nulla. Qui ad facilis molestias qui. Itaque quo maxime ut ratione laboriosam beatae et. Reiciendis consequatur quisquam maxime itaque.', 144, 4, 15, '2019-09-16 05:52:11', '2019-09-16 05:52:11'),
(79, 'sit', 'Sed quasi placeat similique quibusdam. Assumenda id minima illum. Enim laudantium eligendi suscipit neque illo consequatur. Ratione exercitationem totam eos dolorum ad aut.', 144, 0, 24, '2019-09-16 05:52:11', '2019-09-16 05:52:11'),
(80, 'ut', 'Adipisci adipisci ut laboriosam nemo eos reiciendis. Eaque optio quidem sunt et aut nam. Repellat rerum totam et minus blanditiis maiores saepe. Qui totam veritatis dolorum aut.', 824, 9, 12, '2019-09-16 05:52:11', '2019-09-16 05:52:11'),
(81, 'excepturi', 'Facere quia sint deleniti et perferendis. Ipsam id ad facilis vel. Reiciendis ipsa laboriosam at aspernatur illo asperiores.', 241, 5, 8, '2019-09-16 05:52:11', '2019-09-16 05:52:11'),
(82, 'amet', 'Autem dolorem recusandae optio reiciendis distinctio voluptatibus debitis. Nostrum et distinctio molestiae esse eum. Et quaerat optio pariatur sint.', 463, 3, 27, '2019-09-16 05:52:11', '2019-09-16 05:52:11'),
(83, 'maxime', 'Est expedita et reiciendis placeat a quos. Expedita recusandae praesentium maiores exercitationem voluptatem velit. Sequi sed magni iure porro. Velit laborum sit beatae corporis.', 165, 4, 16, '2019-09-16 05:52:11', '2019-09-16 05:52:11'),
(84, 'tempore', 'Reprehenderit ipsa quas quo. Aperiam veritatis officia sit eligendi. Et ut nihil autem accusantium expedita non.', 142, 7, 22, '2019-09-16 05:52:11', '2019-09-16 05:52:11'),
(85, 'et', 'Et rerum accusantium quisquam sunt molestiae. Repudiandae sapiente mollitia quos perferendis voluptate.', 772, 6, 23, '2019-09-16 05:52:11', '2019-09-16 05:52:11'),
(86, 'earum', 'In qui consequuntur hic doloribus facilis non. Soluta velit quam dolor temporibus. Sequi totam voluptas ut ipsa accusantium eius totam.', 973, 1, 24, '2019-09-16 05:52:11', '2019-09-16 05:52:11'),
(87, 'id', 'Ab quibusdam laborum eum facilis ut non harum. Iure ut et voluptatem minima aperiam illo saepe.', 974, 6, 23, '2019-09-16 05:52:11', '2019-09-16 05:52:11'),
(88, 'beatae', 'Et voluptatem inventore nemo maiores voluptates sed aut. Mollitia sit numquam temporibus. Quia iste iure minima veritatis excepturi nisi modi.', 887, 9, 17, '2019-09-16 05:52:11', '2019-09-16 05:52:11'),
(89, 'voluptatem', 'Molestias aut eius sed voluptatem qui. In ullam voluptatem facilis sapiente nisi ea enim. Voluptates nostrum molestias reprehenderit qui impedit consequatur.', 964, 8, 2, '2019-09-16 05:52:11', '2019-09-16 05:52:11'),
(90, 'vel', 'Magnam in distinctio eveniet dolores temporibus. Consequatur voluptas provident recusandae ut ratione. Voluptates dolores quis sequi voluptates quia. Et quidem facilis quam placeat est et.', 539, 6, 26, '2019-09-16 05:52:11', '2019-09-16 05:52:11'),
(91, 'delectus', 'Et rerum suscipit optio est rerum ut culpa voluptate. Inventore ullam modi itaque et est vero. Nesciunt occaecati ipsa ex odio eum et. Numquam voluptatem impedit a ea quas non. Quas voluptas iusto libero et inventore corrupti reprehenderit.', 775, 8, 8, '2019-09-16 05:52:11', '2019-09-16 05:52:11'),
(92, 'pariatur', 'Sunt ut quaerat nihil voluptatum earum est eum. Quo autem repellat accusamus iste explicabo consequatur sequi. Odit nesciunt iste facilis rerum consequatur atque.', 664, 2, 12, '2019-09-16 05:52:11', '2019-09-16 05:52:11'),
(93, 'consequatur', 'Aut eos consequatur excepturi delectus qui ab cupiditate. Quo exercitationem dolorem explicabo qui dolore. Quia libero ut aut non suscipit quasi.', 342, 0, 24, '2019-09-16 05:52:11', '2019-09-16 05:52:11'),
(94, 'deserunt', 'Nostrum ea eius dolorum ipsam quia labore ratione. Reprehenderit mollitia ipsam aperiam qui fugiat minima. Et accusamus in tenetur non beatae iusto quisquam. Perferendis velit perferendis voluptas quaerat dolorem amet accusamus.', 800, 0, 27, '2019-09-16 05:52:11', '2019-09-16 05:52:11'),
(95, 'debitis', 'Commodi vero ducimus non nobis minus ratione necessitatibus quis. Labore facilis ut qui dolorum doloribus. Natus nostrum reiciendis adipisci odit sit quibusdam.', 431, 8, 29, '2019-09-16 05:52:11', '2019-09-16 05:52:11'),
(96, 'id', 'Earum molestiae nihil accusantium ratione id quia. Non et dolorem ducimus accusamus vero aut. Molestiae asperiores quam quas ex nulla aut quia.', 440, 9, 26, '2019-09-16 05:52:11', '2019-09-16 05:52:11'),
(97, 'ex', 'Quia dolores officia quisquam aut. Velit explicabo modi tenetur dignissimos et optio dolorem.', 330, 2, 23, '2019-09-16 05:52:11', '2019-09-16 05:52:11'),
(98, 'consequuntur', 'Accusantium voluptatem quisquam at aut dolorem. Quo sed explicabo dolores sint corrupti. Aliquid dignissimos distinctio et debitis.', 351, 3, 29, '2019-09-16 05:52:11', '2019-09-16 05:52:11'),
(99, 'soluta', 'Explicabo recusandae veritatis eum temporibus qui eaque. Hic necessitatibus temporibus quisquam ad quidem et non voluptatem. Nihil commodi molestiae et quasi doloremque.', 840, 4, 7, '2019-09-16 05:52:11', '2019-09-16 05:52:11'),
(100, 'minima', 'Optio ut cum error impedit molestias placeat molestias. Perferendis accusamus explicabo laudantium et consequatur. At iusto officiis alias aut nihil quod.', 894, 2, 14, '2019-09-16 05:52:12', '2019-09-16 05:52:12');

-- --------------------------------------------------------

--
-- Table structure for table `reviews`
--

CREATE TABLE `reviews` (
  `id` bigint(20) UNSIGNED NOT NULL,
  `product_id` int(10) UNSIGNED NOT NULL,
  `customer` varchar(255) COLLATE utf8_unicode_ci NOT NULL,
  `review` text COLLATE utf8_unicode_ci NOT NULL,
  `star` int(11) NOT NULL,
  `created_at` timestamp NULL DEFAULT NULL,
  `updated_at` timestamp NULL DEFAULT NULL
) ENGINE=InnoDB DEFAULT CHARSET=utf8 COLLATE=utf8_unicode_ci;

--
-- Dumping data for table `reviews`
--

INSERT INTO `reviews` (`id`, `product_id`, `customer`, `review`, `star`, `created_at`, `updated_at`) VALUES
(1, 57, 'Clotilde Kihn', 'Et aut recusandae aut placeat dolore dolor. Repellendus placeat odit repudiandae natus officia. Rerum alias qui esse quia veniam odio. Corrupti eius ducimus recusandae amet est voluptate ut iste.', 1261380010, '2019-09-16 05:52:13', '2019-09-16 05:52:13'),
(2, 45, 'Ivah Schowalter', 'Vel eius maiores nisi nemo debitis saepe atque. Impedit minima voluptates eos corrupti nostrum modi et. Excepturi et aut rerum unde numquam beatae nobis. Mollitia reprehenderit aut ea numquam quia.', 429849437, '2019-09-16 05:52:13', '2019-09-16 05:52:13'),
(3, 13, 'Luella Wiegand Jr.', 'Qui sunt aut est quisquam. Iure non asperiores a eius quia aut. Nihil corporis occaecati eos fugit maiores sit.', 1945232678, '2019-09-16 05:52:13', '2019-09-16 05:52:13'),
(4, 77, 'Vivianne Stark II', 'Aut aut autem eos officia. Accusantium nostrum ipsum nulla harum ullam. Aspernatur optio reiciendis soluta. Consectetur molestiae illum quidem sapiente mollitia.', 387231014, '2019-09-16 05:52:13', '2019-09-16 05:52:13'),
(5, 9, 'Rey Funk', 'Ipsam ad voluptas libero itaque consequatur illo debitis. Eum exercitationem necessitatibus ipsum voluptatem quia fugiat blanditiis. Molestiae quos ad eligendi fuga nobis tempora consectetur.', 2255943, '2019-09-16 05:52:13', '2019-09-16 05:52:13'),
(6, 38, 'Keshawn Schultz Jr.', 'Ut mollitia sint odio officiis. Sit accusamus qui itaque dicta. Explicabo dolorum quas sit nemo animi sapiente possimus minima. Nihil vel et est quo expedita cumque asperiores.', 656424295, '2019-09-16 05:52:13', '2019-09-16 05:52:13'),
(7, 42, 'Elliot Block', 'Commodi commodi itaque eum in corrupti quo ut. Totam illo incidunt sit sequi adipisci qui dolore. Culpa aut ut laboriosam eos sed. Officia non praesentium illum tempora excepturi nihil adipisci.', 24250530, '2019-09-16 05:52:13', '2019-09-16 05:52:13'),
(8, 73, 'Olaf Kassulke DVM', 'Eligendi modi eius quia sapiente pariatur. Ex exercitationem necessitatibus voluptatem sit. Molestiae eos aperiam in deleniti molestiae. Et iure qui ipsum.', 1450470551, '2019-09-16 05:52:13', '2019-09-16 05:52:13'),
(9, 83, 'Prof. Lane Jaskolski DVM', 'Quo qui maxime officiis cupiditate et. Qui id doloribus quas non ut blanditiis sint. Sit aut quidem ab ipsam veritatis debitis. Adipisci debitis harum minima qui dignissimos repudiandae.', 1841188157, '2019-09-16 05:52:13', '2019-09-16 05:52:13'),
(10, 95, 'Pauline Hayes', 'Eligendi reprehenderit ut vitae sed quas. Voluptates reprehenderit reprehenderit ullam nam sed iste molestiae. Illum voluptatibus labore sapiente.', 1522240138, '2019-09-16 05:52:13', '2019-09-16 05:52:13'),
(11, 73, 'Rodrick Hammes', 'Sed nihil incidunt et non labore voluptatem. Quo magnam explicabo in eum porro eum incidunt ullam. Dolores enim et provident enim quis architecto et occaecati. Natus possimus laborum accusamus nostrum itaque fuga magni.', 1588898619, '2019-09-16 05:52:13', '2019-09-16 05:52:13'),
(12, 43, 'Aimee Corkery', 'Libero quidem aut in ut voluptatem expedita. Magni reiciendis quidem est maiores quaerat harum. Velit tempore nihil ut enim animi expedita. Modi est repudiandae deleniti iure dolorum.', 1040377434, '2019-09-16 05:52:13', '2019-09-16 05:52:13'),
(13, 41, 'Kaleb Kutch PhD', 'A iste commodi autem quae. Neque autem sed quia fugit commodi perspiciatis soluta. Accusantium cupiditate nulla voluptatem exercitationem earum consectetur. Ut quidem corporis nostrum odio qui voluptas dignissimos.', 2017362276, '2019-09-16 05:52:13', '2019-09-16 05:52:13'),
(14, 49, 'Otha Kiehn', 'Aut distinctio atque sequi consectetur rerum. Non consequuntur aut eos facere exercitationem voluptatibus sit expedita. Quis vel odit in quia molestiae. Pariatur consectetur dolorem sit temporibus et natus quaerat.', 1977531799, '2019-09-16 05:52:13', '2019-09-16 05:52:13'),
(15, 14, 'Alysa Balistreri', 'Unde sunt eum in quam sequi. Et numquam officia est. Asperiores non temporibus earum eveniet. Soluta modi autem porro deleniti.', 154605089, '2019-09-16 05:52:13', '2019-09-16 05:52:13'),
(16, 78, 'Gus Rodriguez', 'Quidem voluptas enim saepe aut reprehenderit. Incidunt ad dolore voluptas ipsam quae minus aut. Consequatur saepe neque tempore aliquid.', 2061575815, '2019-09-16 05:52:13', '2019-09-16 05:52:13'),
(17, 76, 'Jay Altenwerth', 'Libero veniam soluta in velit ab. Similique aspernatur minus est eligendi recusandae nostrum recusandae asperiores. Voluptatum totam velit temporibus minus veniam ea.', 900325925, '2019-09-16 05:52:13', '2019-09-16 05:52:13'),
(18, 63, 'Palma Doyle DVM', 'A rerum corrupti modi consequatur. Aut in dolorem aut. Id distinctio harum eos id animi dolore. Accusamus voluptate eius ducimus vel quia.', 846558830, '2019-09-16 05:52:13', '2019-09-16 05:52:13'),
(19, 52, 'Prof. Myrtle Rowe', 'Pariatur doloribus facilis pariatur neque. Eum quaerat ipsa sit. Molestias nihil ullam totam amet numquam excepturi quia molestias. Et similique rerum facilis deleniti deleniti deleniti ut.', 1271233588, '2019-09-16 05:52:13', '2019-09-16 05:52:13'),
(20, 35, 'Prof. Raymond Marks II', 'Omnis itaque eum provident consequuntur et dignissimos ipsam animi. Explicabo perspiciatis ut repellendus laboriosam consequuntur suscipit.', 299300350, '2019-09-16 05:52:13', '2019-09-16 05:52:13'),
(21, 98, 'Clotilde Friesen', 'Mollitia eligendi suscipit dolore vitae sapiente ea. Dicta minus qui ut atque velit ea consequatur. Et et reiciendis molestiae eligendi nobis.', 1007886838, '2019-09-16 05:52:13', '2019-09-16 05:52:13'),
(22, 85, 'Janet Miller', 'Ut ut sed voluptatem quia maiores possimus pariatur ut. Vitae aut non dolor voluptatem.', 1607222126, '2019-09-16 05:52:13', '2019-09-16 05:52:13'),
(23, 90, 'Janis Douglas IV', 'Accusamus eius tempora ullam accusantium. Consequatur vel quis nihil impedit aut temporibus neque. Et maiores et tempora architecto. Odit aperiam eum eos harum qui. Numquam impedit repudiandae facere porro delectus commodi officia magnam.', 899753023, '2019-09-16 05:52:13', '2019-09-16 05:52:13'),
(24, 68, 'Selmer Satterfield', 'Perferendis numquam quidem qui ea. Consequatur sed quaerat omnis explicabo. Quos quisquam in fugit.', 554297606, '2019-09-16 05:52:13', '2019-09-16 05:52:13'),
(25, 35, 'Unique Schiller IV', 'Necessitatibus expedita ut voluptate odio qui similique et. Dolores animi aliquid ut illum non illo optio. Nihil vitae qui qui non modi amet.', 81931228, '2019-09-16 05:52:13', '2019-09-16 05:52:13'),
(26, 26, 'Lurline Hilpert', 'Rem aut sequi voluptatem vitae perferendis officia. Veritatis aut sed amet nihil praesentium tenetur. Ut harum inventore neque pariatur veniam vel quia. Optio mollitia est eaque alias dolores consectetur.', 1505075793, '2019-09-16 05:52:13', '2019-09-16 05:52:13'),
(27, 60, 'Saige Hackett Jr.', 'Voluptas nemo quas molestias suscipit accusantium voluptatibus. Alias et asperiores sunt qui ut accusantium. Voluptas cum quia veritatis deserunt dicta. Alias totam repellat voluptas vel error nesciunt.', 1081222813, '2019-09-16 05:52:13', '2019-09-16 05:52:13'),
(28, 80, 'Dr. Kiley Bergnaum', 'Ut ullam fugiat nihil et dolorem. Ea et molestiae quas ut omnis ipsa sed. Aut voluptates maxime sint aut. Dolorum dolore earum reprehenderit sed voluptatum et dolorem in. Amet deleniti molestias aut error.', 997320855, '2019-09-16 05:52:13', '2019-09-16 05:52:13'),
(29, 97, 'Reynold Cartwright', 'Nemo nihil quia porro aut ea. Et officia qui tempore odit nihil. Possimus neque quia quia ea voluptatem id omnis. Error omnis necessitatibus aut quia. Temporibus quo velit repellendus quis qui occaecati nisi.', 1354781959, '2019-09-16 05:52:13', '2019-09-16 05:52:13'),
(30, 33, 'Ms. Creola Rice', 'Quasi facere veritatis et sunt. Dolorum eos atque repellendus. Tempora sed odio et sapiente error dolor libero.', 707604130, '2019-09-16 05:52:13', '2019-09-16 05:52:13'),
(31, 54, 'Johnny Swift', 'Eum sed facere ipsum maxime facilis accusantium harum. Sunt et rerum similique voluptatem quia et est tenetur. Beatae cumque et consequuntur repellendus. Quos ratione et eos aut.', 174517373, '2019-09-16 05:52:13', '2019-09-16 05:52:13'),
(32, 13, 'Prof. Janice Reichert', 'Nobis expedita nisi labore quibusdam earum. Voluptas molestiae ea dolore voluptatem officia voluptas fugit. Rerum numquam natus quod quo. Quia quia qui est distinctio quos culpa in.', 1779321919, '2019-09-16 05:52:14', '2019-09-16 05:52:14'),
(33, 50, 'Theo Hodkiewicz II', 'Repellendus corporis autem illum doloribus. Et nesciunt quo sed minus error qui.', 371279486, '2019-09-16 05:52:14', '2019-09-16 05:52:14'),
(34, 7, 'Prof. Jeff Homenick V', 'Sapiente rerum est sapiente nihil in deleniti doloribus. Molestiae officiis nisi quis id earum dolor aperiam. Autem rerum ut quas incidunt voluptas quo vitae. Earum necessitatibus ut sapiente vel.', 342617948, '2019-09-16 05:52:14', '2019-09-16 05:52:14'),
(35, 74, 'Dr. Zackary Auer', 'Est ipsam porro et assumenda totam ullam dolorem. Ipsa cupiditate architecto voluptatibus perferendis perspiciatis aut. Voluptas et quasi laborum. Cupiditate nihil error molestiae eaque vitae reiciendis officia.', 1928120928, '2019-09-16 05:52:14', '2019-09-16 05:52:14'),
(36, 67, 'Chelsey Kunze', 'Dolore ut ducimus occaecati est qui qui laborum. Aut provident laborum debitis et. Laboriosam voluptatem vitae ullam perspiciatis veritatis. Temporibus ea fuga accusamus amet amet.', 1802722225, '2019-09-16 05:52:14', '2019-09-16 05:52:14'),
(37, 48, 'Fatima Heaney', 'Ut nisi eum atque velit aspernatur. Dolores quis laborum voluptatem numquam maiores. Repudiandae porro quia illum sed saepe voluptatibus. Neque qui recusandae necessitatibus sed sed ipsum sapiente.', 1022326020, '2019-09-16 05:52:14', '2019-09-16 05:52:14'),
(38, 84, 'Marcelina Anderson', 'Voluptate ipsum quibusdam qui nulla voluptas. Delectus illum quia neque aut nobis sunt. Dolor iure rerum et veritatis enim omnis aut. At alias expedita excepturi perferendis sed.', 495046411, '2019-09-16 05:52:14', '2019-09-16 05:52:14'),
(39, 88, 'Ms. Ludie Collins', 'Et amet ut eveniet nihil occaecati repellendus dolor. Consequuntur quibusdam exercitationem aut officia ut et dolores optio. Quod tenetur earum dolorem voluptate.', 1205847505, '2019-09-16 05:52:14', '2019-09-16 05:52:14'),
(40, 100, 'Gregg Kiehn', 'Repellat ipsum nihil unde et. Corporis suscipit soluta ipsa. Quaerat dolorem deleniti quidem impedit nobis.', 1183294202, '2019-09-16 05:52:14', '2019-09-16 05:52:14'),
(41, 9, 'Elsie Casper', 'Qui aut commodi illum repudiandae alias et. Possimus dolorum id possimus itaque. Voluptatum labore nam rerum quia commodi.', 965463412, '2019-09-16 05:52:14', '2019-09-16 05:52:14'),
(42, 5, 'Mittie Hane', 'Et minus harum magni. Quasi quod sequi ducimus mollitia repellendus officiis. Ut ea ullam et reprehenderit rerum facilis facilis. Alias deleniti dolores accusantium eaque dignissimos.', 43172051, '2019-09-16 05:52:14', '2019-09-16 05:52:14'),
(43, 97, 'Dr. Rod Nikolaus', 'Aliquam in molestiae et dolor soluta suscipit. Pariatur eos molestiae optio quo consequatur. Dolorum mollitia unde et aut id maiores est. Sequi nisi ex labore vel voluptas ut repudiandae. Accusamus nemo aut dolorum at nihil sequi ut.', 1528352905, '2019-09-16 05:52:14', '2019-09-16 05:52:14'),
(44, 21, 'Matteo Dooley', 'Et consequatur iste quis tempore. Commodi aut asperiores sequi exercitationem minima architecto commodi. Repudiandae qui asperiores sit eos velit velit. Consectetur ut cumque sunt ut accusamus aut.', 1815849725, '2019-09-16 05:52:14', '2019-09-16 05:52:14'),
(45, 98, 'Dr. Bridie Prohaska IV', 'Praesentium voluptas numquam nisi placeat vel doloribus. Occaecati quo fugiat ea perferendis aut. Molestiae tempora dolorem omnis officiis dolor expedita.', 35728181, '2019-09-16 05:52:14', '2019-09-16 05:52:14'),
(46, 31, 'Kaleigh Kautzer', 'Minima dolorem atque vitae corporis. Et harum sed quo eos saepe. Architecto in ut amet numquam voluptas consectetur. Eos est aut nesciunt libero. Sapiente id assumenda consectetur libero in blanditiis harum.', 1650640894, '2019-09-16 05:52:14', '2019-09-16 05:52:14'),
(47, 14, 'Trace Powlowski', 'Et commodi esse hic odio modi. Est sit qui est quidem ratione inventore. Voluptatem ratione ut est ea possimus velit. Suscipit quo aut iusto rerum qui numquam.', 183061172, '2019-09-16 05:52:14', '2019-09-16 05:52:14'),
(48, 62, 'Mable Parisian', 'Aut ea non animi inventore ut sunt consequatur. Mollitia architecto ab hic laborum qui pariatur in. Fugit deleniti temporibus rem doloremque. Molestias sunt ex dignissimos voluptatem magnam nesciunt blanditiis.', 1586851402, '2019-09-16 05:52:14', '2019-09-16 05:52:14'),
(49, 62, 'Chaya Ortiz', 'Voluptas in et minus laborum. Assumenda corporis laudantium necessitatibus ab consequatur. Velit qui itaque est voluptate ad. In ab est aliquam et quo voluptas. Dignissimos et dolorem consequatur voluptatum repudiandae iusto atque.', 330917345, '2019-09-16 05:52:14', '2019-09-16 05:52:14'),
(50, 57, 'Betty Sporer', 'Laborum praesentium cum sed et nostrum. Quas aliquid pariatur dolor aut est neque. Magnam velit facilis in. Sit et praesentium nobis qui. Vitae impedit ea hic voluptatibus sed.', 1006964528, '2019-09-16 05:52:14', '2019-09-16 05:52:14'),
(51, 91, 'Jonathon Jacobi', 'Dolores doloremque perferendis porro eum aut veniam. Possimus laborum earum nesciunt in est neque cum non. Quo perferendis architecto doloribus sint est sint. Aut architecto tempore eos sunt eum sed. Officia dolorem porro sunt nihil iure autem sed.', 1987205399, '2019-09-16 05:52:14', '2019-09-16 05:52:14'),
(52, 97, 'Dr. Jacques Haley IV', 'Ratione ea dolorum porro iste odio. Eius vel qui necessitatibus est atque saepe. Et incidunt quia assumenda quis eum qui qui. Repellendus praesentium sit a temporibus.', 941528733, '2019-09-16 05:52:14', '2019-09-16 05:52:14'),
(53, 97, 'Augustine Keeling', 'Sapiente quis rerum molestias cum. Repellat quibusdam rerum officia voluptatem quibusdam. A minima aspernatur quos deserunt quaerat tenetur facere sit.', 144586377, '2019-09-16 05:52:14', '2019-09-16 05:52:14'),
(54, 42, 'Lacey Parisian', 'Autem similique debitis quia in et fuga temporibus. Excepturi aspernatur quae omnis et aut. Praesentium voluptates sint et. In laboriosam corporis in est sit.', 41638290, '2019-09-16 05:52:14', '2019-09-16 05:52:14'),
(55, 71, 'Keshawn Reichert', 'Sint itaque quibusdam et veritatis qui. Voluptas reiciendis suscipit nisi iusto itaque.', 1306693735, '2019-09-16 05:52:14', '2019-09-16 05:52:14'),
(56, 68, 'Jerrold Frami', 'Laborum consectetur ad quibusdam cumque. Assumenda aut fugiat laudantium quia aperiam. Quasi veritatis eum ipsum odit excepturi nisi. Omnis laudantium facere sit esse omnis commodi ullam.', 1905610307, '2019-09-16 05:52:14', '2019-09-16 05:52:14'),
(57, 28, 'Russel Bashirian', 'Amet et ut voluptatem provident dolores laudantium. Recusandae animi recusandae quibusdam facere. Dolorum ea dolorem nesciunt consequuntur velit explicabo consequuntur enim.', 1752894130, '2019-09-16 05:52:14', '2019-09-16 05:52:14'),
(58, 63, 'Dr. Colton Schuster', 'Cumque libero qui dolorem ratione molestiae dolorum accusantium. Laudantium praesentium expedita ratione aliquid aut nemo a. Non voluptas placeat quis et quo. Error repellendus consequuntur aliquid eveniet molestias vel.', 151042878, '2019-09-16 05:52:14', '2019-09-16 05:52:14'),
(59, 87, 'Mohamed Block', 'Culpa expedita et recusandae dolor quia. Qui deleniti quis magnam numquam est maiores quia. Quis quos sequi tenetur sapiente enim delectus illo.', 1660248874, '2019-09-16 05:52:14', '2019-09-16 05:52:14'),
(60, 25, 'Mr. Ariel Gorczany III', 'Nihil incidunt voluptate omnis vel. Aut excepturi consequuntur tenetur asperiores eius voluptatem iste. Veritatis et sed excepturi. Quae est eius nam debitis voluptatem id.', 950678876, '2019-09-16 05:52:14', '2019-09-16 05:52:14'),
(61, 81, 'Phyllis Johnson', 'Laboriosam incidunt repellendus voluptatum doloremque sapiente quam quia. Perferendis non hic ea soluta possimus voluptatem vitae. Consequatur ipsum aspernatur ut quas.', 1839364621, '2019-09-16 05:52:14', '2019-09-16 05:52:14'),
(62, 28, 'Corrine Morar', 'Quam excepturi minima voluptas similique laborum ad iste. Fugit et dolores vel eveniet impedit quam. Dolorum excepturi earum sunt velit officia illum et sed. Corrupti sint nobis accusantium numquam.', 1479455178, '2019-09-16 05:52:14', '2019-09-16 05:52:14'),
(63, 82, 'Dr. Monserrate Hyatt V', 'Nostrum cumque dolor similique et voluptatem. Aperiam autem explicabo ipsum et et. Non accusantium voluptas dolor.', 1086194532, '2019-09-16 05:52:14', '2019-09-16 05:52:14'),
(64, 20, 'Jaiden Douglas MD', 'Facilis eligendi aspernatur mollitia neque molestiae sunt ut. Rerum enim et iure voluptatem nihil ut. Optio sequi beatae quo.', 402921593, '2019-09-16 05:52:14', '2019-09-16 05:52:14'),
(65, 59, 'Patrick Breitenberg', 'Ratione qui quia consectetur qui. Qui eum nesciunt consequatur eos voluptate aut totam. Qui in maiores voluptas fugiat consequuntur delectus laborum. Consequatur ex dolorum harum sunt.', 151518146, '2019-09-16 05:52:14', '2019-09-16 05:52:14'),
(66, 56, 'Stephanie Harber', 'Autem inventore voluptas et adipisci ipsum. Natus consequatur a ullam quia rerum minus tenetur quasi. At nostrum aut optio repellendus autem. Dolore optio quis quos aut aut animi.', 1706639058, '2019-09-16 05:52:14', '2019-09-16 05:52:14'),
(67, 18, 'Imani Reynolds', 'Porro nihil cupiditate dolor magni id. Quisquam aut excepturi ut ipsum sunt iusto et consequatur. Eius sequi hic deserunt blanditiis natus quibusdam iusto. Est dolores quod deleniti.', 188064808, '2019-09-16 05:52:15', '2019-09-16 05:52:15'),
(68, 85, 'Candelario Connelly', 'Nihil veritatis voluptatum delectus quo. Ex eius sint dolore quidem rerum. Sint a ut officiis quidem laboriosam molestiae tempore. Repellat laborum sint voluptas quia officia dolor est.', 1210293689, '2019-09-16 05:52:15', '2019-09-16 05:52:15'),
(69, 27, 'Gunnar Ondricka', 'Sit possimus ea et. Nisi ut ut quod dignissimos perspiciatis illo natus. Incidunt ut et in repellendus dignissimos.', 254736150, '2019-09-16 05:52:15', '2019-09-16 05:52:15'),
(70, 28, 'Trever Rutherford', 'Cumque est nemo voluptates et. Vel nulla est illo velit. Dolorem quas accusamus repellendus ex consequatur eius.', 1373241632, '2019-09-16 05:52:15', '2019-09-16 05:52:15'),
(71, 41, 'Miss Alana Emmerich DVM', 'Veniam quo et provident animi iste. Illum dolore et quis qui nulla accusamus. Sunt vel in vel veniam voluptate non cumque.', 854352176, '2019-09-16 05:52:15', '2019-09-16 05:52:15'),
(72, 25, 'Elna Parisian', 'Dolores qui itaque at. Iusto id reprehenderit qui natus vel. Voluptate vitae necessitatibus dolorum.', 277965416, '2019-09-16 05:52:15', '2019-09-16 05:52:15'),
(73, 47, 'Foster Schamberger', 'Quo dolore exercitationem numquam qui aspernatur suscipit tempore. Iure quibusdam iusto quis libero aut molestias. Sequi odio molestias est dolorum.', 1276927494, '2019-09-16 05:52:15', '2019-09-16 05:52:15'),
(74, 63, 'Prof. Dexter White III', 'Ut exercitationem doloremque placeat totam quos. Suscipit porro consequatur tempora iste rerum earum.', 938525912, '2019-09-16 05:52:15', '2019-09-16 05:52:15'),
(75, 43, 'Kira Daugherty', 'Debitis rem et ea deserunt id. Magnam soluta inventore ex omnis vero eveniet nemo neque. Qui tempora ipsa amet reprehenderit. Nihil fugiat at enim eveniet.', 458755184, '2019-09-16 05:52:15', '2019-09-16 05:52:15'),
(76, 67, 'Jammie Grant', 'Veritatis qui sint quia blanditiis dolore. Architecto aut possimus esse. Illo neque ipsum dolorum ut expedita facilis saepe. Sit enim vel sunt vel totam eos.', 617224690, '2019-09-16 05:52:15', '2019-09-16 05:52:15'),
(77, 83, 'Issac Schroeder', 'Est quam quia similique harum. Temporibus eos eum adipisci voluptates corporis nobis iusto. Adipisci debitis animi commodi tenetur.', 389820153, '2019-09-16 05:52:15', '2019-09-16 05:52:15'),
(78, 70, 'Daniella Ruecker', 'Dolorum nulla nostrum et. Asperiores est autem odit ullam fugit deserunt. Velit id nisi esse deserunt. Hic voluptas earum vel esse quod.', 1917489255, '2019-09-16 05:52:15', '2019-09-16 05:52:15'),
(79, 64, 'Dr. Darby Miller', 'Labore officia distinctio ut consequatur explicabo maiores. Voluptatibus voluptates sint qui consequatur possimus sint similique. Expedita veritatis atque nam sunt quis non. Omnis ipsam quis quidem maiores voluptatem.', 756173851, '2019-09-16 05:52:15', '2019-09-16 05:52:15'),
(80, 36, 'Ms. Bette D\'Amore II', 'Laudantium voluptas optio exercitationem exercitationem tempora velit fugit sint. Sint placeat vitae quam. Temporibus ex blanditiis est ut corporis reprehenderit mollitia. Quos esse quis et.', 1921218949, '2019-09-16 05:52:15', '2019-09-16 05:52:15'),
(81, 50, 'Prof. Evan Nitzsche', 'Ea accusantium illum nulla rerum. Qui illo rerum deleniti ex aut porro reiciendis. Ut molestiae aut quisquam porro molestiae.', 81148693, '2019-09-16 05:52:15', '2019-09-16 05:52:15'),
(82, 21, 'Cristina Nicolas', 'Soluta quia dolorum voluptatem. Eum mollitia rerum porro cum natus. Id ea enim at aut. Nulla est aliquam suscipit voluptate labore velit corrupti. Consequatur tenetur quod hic repellendus.', 1738790399, '2019-09-16 05:52:15', '2019-09-16 05:52:15'),
(83, 15, 'Dr. Reggie Fritsch', 'A sed omnis nostrum vel sapiente alias repellendus esse. Voluptatem esse voluptatum harum voluptatem ut voluptatem ut. Voluptates nihil ut ab.', 257363944, '2019-09-16 05:52:15', '2019-09-16 05:52:15'),
(84, 79, 'Prof. Duncan Doyle IV', 'In nobis sapiente vel ea quo. Omnis vel blanditiis ducimus molestiae quo facere dolores. At magni rem dolores voluptatum. Doloribus consequatur voluptatem sit ut.', 218398377, '2019-09-16 05:52:15', '2019-09-16 05:52:15'),
(85, 23, 'Luna Okuneva III', 'Dicta doloribus quis dicta reprehenderit. Commodi qui non amet reprehenderit sed eos maiores. Tenetur molestias incidunt quam. Ducimus est facilis exercitationem exercitationem. Pariatur est veritatis consectetur consequatur porro quasi.', 1389602619, '2019-09-16 05:52:15', '2019-09-16 05:52:15'),
(86, 11, 'Johann Abbott', 'Ut ut quae quia ut quo aut. Eum quod in aut deserunt aspernatur porro. Ut sed beatae et. Eum voluptatibus a sint ratione.', 770125871, '2019-09-16 05:52:15', '2019-09-16 05:52:15'),
(87, 93, 'Leola Kovacek DDS', 'Et minus qui eaque atque corrupti voluptatem reiciendis. Iste vitae quaerat magni quod placeat. Minima dolore non fugit et itaque ea. Consectetur hic sequi quis fuga minus odit sequi.', 55284335, '2019-09-16 05:52:15', '2019-09-16 05:52:15'),
(88, 22, 'Dewayne Stroman', 'Soluta exercitationem ex impedit consectetur blanditiis aliquam. Quisquam distinctio voluptatem voluptatibus est. Eos est dicta ratione vel fugiat. Et voluptas impedit sed vel rerum tempora et. Aliquam consequatur nobis sunt.', 681472580, '2019-09-16 05:52:15', '2019-09-16 05:52:15'),
(89, 49, 'Prof. Brando Cole I', 'Facere ut libero provident ullam. Voluptates ratione est itaque et eos placeat. Debitis eius quod rem odio qui.', 360066333, '2019-09-16 05:52:15', '2019-09-16 05:52:15'),
(90, 55, 'Oda Jerde', 'Velit laboriosam fugit et. Expedita tenetur consequuntur ratione quasi aspernatur. Et dicta dignissimos aut et.', 990311455, '2019-09-16 05:52:15', '2019-09-16 05:52:15'),
(91, 95, 'Dr. Dejon Miller Sr.', 'Provident libero autem vero et culpa nihil. Quo rerum libero distinctio qui deserunt autem et. Et qui saepe omnis illo qui.', 74385100, '2019-09-16 05:52:15', '2019-09-16 05:52:15'),
(92, 85, 'Mrs. Jody Bernhard', 'Quasi ratione autem voluptas. Repudiandae dolore earum ipsa beatae. Soluta ut ducimus ipsa aliquid sequi et doloribus ut. Et quae voluptate alias.', 2081140866, '2019-09-16 05:52:15', '2019-09-16 05:52:15'),
(93, 23, 'Dr. Jamie Kris', 'Alias ratione eum dignissimos nihil labore sed voluptatem. At est amet ullam aliquam aut saepe labore modi. Veniam tempore ut dolorem labore necessitatibus. Laborum voluptatem similique et et.', 1932148765, '2019-09-16 05:52:15', '2019-09-16 05:52:15'),
(94, 82, 'Helene Bechtelar', 'Aut corrupti aut quisquam omnis. Sunt enim sint soluta tenetur non harum. Ab et maxime eum aut. Molestias vitae fugit ratione qui accusamus.', 652172666, '2019-09-16 05:52:15', '2019-09-16 05:52:15'),
(95, 16, 'Holden Ward IV', 'Aut perspiciatis soluta et iusto repudiandae temporibus ut et. Distinctio est sequi alias nostrum minus eveniet ullam esse. Non quia deleniti impedit eligendi. Repellendus sint facilis facilis repudiandae.', 581180126, '2019-09-16 05:52:15', '2019-09-16 05:52:15'),
(96, 69, 'Precious Wolff DVM', 'Magni ex id saepe rerum neque dolore. Eaque occaecati amet et dolor vitae maiores nostrum.', 913142885, '2019-09-16 05:52:15', '2019-09-16 05:52:15'),
(97, 64, 'Garrett Beahan', 'Tenetur et explicabo quae ut quo dolorem. Qui repudiandae autem nulla eligendi. Dolores eum et et ullam voluptatem non quia. Dolorem aut est consectetur.', 1750539954, '2019-09-16 05:52:15', '2019-09-16 05:52:15'),
(98, 36, 'Willie Kutch', 'Omnis omnis praesentium mollitia molestiae. Consequatur aut nobis cupiditate soluta aliquam corporis delectus officia. Blanditiis voluptatem sunt eveniet soluta. Quasi voluptatem aliquam voluptatem et in.', 189964465, '2019-09-16 05:52:15', '2019-09-16 05:52:15'),
(99, 2, 'Dr. Maximilian Wiegand I', 'Et cum rerum nobis numquam laborum voluptatem ullam ad. Qui voluptatibus laudantium repellendus. Qui iusto doloremque id rem nihil. Voluptates magni ut quis sed consequuntur.', 599194598, '2019-09-16 05:52:15', '2019-09-16 05:52:15'),
(100, 37, 'Berry Little DDS', 'Reiciendis nesciunt itaque minima veniam. Est est ea nihil sit nesciunt dolore. Nihil sit illo non dolor rerum. Dolor ea magnam blanditiis iure sed autem.', 1824643684, '2019-09-16 05:52:15', '2019-09-16 05:52:15'),
(101, 4, 'Prof. Ayden Ziemann', 'Magnam voluptas ut dolor earum deleniti reiciendis. Aliquid ut voluptatem qui voluptatem iste quia eum eum. Explicabo qui qui repudiandae ut molestiae aut. Velit nostrum quia nesciunt earum quaerat.', 486399679, '2019-09-16 05:52:16', '2019-09-16 05:52:16'),
(102, 100, 'Anderson Ortiz', 'Architecto sunt harum facilis odio fugiat modi voluptas. Adipisci incidunt et qui vel. Illo optio assumenda et sapiente quisquam. Voluptas pariatur et sapiente odio et sed praesentium.', 2007949177, '2019-09-16 05:52:16', '2019-09-16 05:52:16'),
(103, 38, 'Jackie Frami', 'Et rem velit deserunt cumque cumque cumque. Itaque reiciendis blanditiis neque. Velit et nihil sint consectetur autem quisquam fugit cupiditate. Sint officiis dolorem quo dolores aut.', 1655379645, '2019-09-16 05:52:16', '2019-09-16 05:52:16'),
(104, 94, 'Dr. Roger Cruickshank', 'Autem quos quos et voluptates ut quibusdam error. Occaecati autem iusto modi in possimus.', 11277326, '2019-09-16 05:52:16', '2019-09-16 05:52:16'),
(105, 69, 'Miss Angeline Hackett Jr.', 'Sed commodi possimus sunt commodi. Officiis nihil cupiditate repudiandae natus dolorem qui et. Voluptas voluptatem aliquam rerum quae harum. Non quaerat qui velit fuga.', 363538307, '2019-09-16 05:52:16', '2019-09-16 05:52:16'),
(106, 46, 'Regan Zulauf', 'Delectus vel iure asperiores ipsa. Natus eligendi sed rerum explicabo ratione vero aut. Magni in voluptas totam vitae numquam. Magnam recusandae et dolores iure facilis qui.', 2015496240, '2019-09-16 05:52:16', '2019-09-16 05:52:16'),
(107, 9, 'Karlie Armstrong', 'Corporis nisi consequatur dolorem sunt. Ducimus quasi consequatur consequatur dolorem tempore ut officiis unde. Sint rerum placeat possimus dolores molestiae rem porro. Possimus cumque quis rerum voluptatem et facilis aut sit.', 653874571, '2019-09-16 05:52:16', '2019-09-16 05:52:16'),
(108, 42, 'Mr. Evans Hodkiewicz IV', 'Quod non eum eveniet eius magnam quo non. Praesentium quas deserunt maiores sequi voluptas nemo. Eius consequuntur rem dolore voluptatibus fuga exercitationem. Praesentium blanditiis et maxime.', 1427543142, '2019-09-16 05:52:16', '2019-09-16 05:52:16'),
(109, 31, 'Zion Jast Jr.', 'Voluptas accusantium quod repellat optio voluptas asperiores. Id quis deleniti mollitia inventore ut distinctio. Praesentium autem reiciendis recusandae vel et rerum error magnam.', 136524485, '2019-09-16 05:52:16', '2019-09-16 05:52:16'),
(110, 92, 'Ora Towne MD', 'Maiores necessitatibus soluta repellendus inventore aut voluptas. Corporis ex debitis porro eveniet est qui omnis. Et tenetur id numquam.', 256235383, '2019-09-16 05:52:16', '2019-09-16 05:52:16'),
(111, 35, 'Araceli Leannon IV', 'Recusandae sunt quod enim qui et. A distinctio laudantium soluta nesciunt quis. Libero qui et reprehenderit aut id cupiditate praesentium. Reprehenderit ut sit totam quis ex recusandae.', 943675749, '2019-09-16 05:52:16', '2019-09-16 05:52:16'),
(112, 72, 'Abdul Abernathy', 'Culpa numquam adipisci ipsum nisi alias. In ut sit hic officiis explicabo. Consequatur laudantium dignissimos quo magnam.', 1793699938, '2019-09-16 05:52:16', '2019-09-16 05:52:16'),
(113, 16, 'Prof. Vergie Hickle DVM', 'Et non modi dolores. Aperiam sunt laborum inventore qui maxime dolores. Ut saepe sed vitae possimus incidunt molestiae voluptatum.', 1913287183, '2019-09-16 05:52:16', '2019-09-16 05:52:16'),
(114, 19, 'Dr. Tad Lakin DVM', 'Corrupti perferendis quis nihil amet debitis voluptatem nihil optio. Reiciendis ut labore quia. Voluptatem est id facere in facere ab.', 237517995, '2019-09-16 05:52:16', '2019-09-16 05:52:16'),
(115, 17, 'Prof. Margie Brakus III', 'Est cum optio sapiente enim. Doloremque est rerum inventore qui enim ea. Rerum laborum omnis voluptas unde. Debitis et fuga eos animi in repellat dolorem veniam.', 1376201135, '2019-09-16 05:52:16', '2019-09-16 05:52:16'),
(116, 83, 'Victor Tillman', 'Porro ipsa dignissimos asperiores mollitia. Accusamus dolore perspiciatis et dolorem eius sit quibusdam. Illum voluptas sed dolore vero sint alias et.', 923095523, '2019-09-16 05:52:16', '2019-09-16 05:52:16'),
(117, 46, 'Saul Graham', 'Eos quia perspiciatis ut similique et vitae quasi. Dolores et tenetur sint consectetur ut officia. In accusamus sapiente et itaque et ut molestias.', 364687843, '2019-09-16 05:52:16', '2019-09-16 05:52:16'),
(118, 55, 'Julian Mann', 'Fuga et est sed provident maiores est. Harum facere ea ipsa. Eveniet id quasi qui deleniti atque voluptatum amet ab. Est veniam cumque vel repudiandae dolorem voluptas.', 1617822354, '2019-09-16 05:52:16', '2019-09-16 05:52:16'),
(119, 34, 'Mckenna Abernathy', 'Non et voluptatem sit et ea vero ullam. Dolores aut tenetur quo similique placeat qui blanditiis. Optio esse neque dolorum tempora placeat adipisci molestiae. Eos quo accusantium quod aut laborum aut impedit magnam.', 41265012, '2019-09-16 05:52:16', '2019-09-16 05:52:16'),
(120, 32, 'Myrl Oberbrunner', 'Sit cum impedit aperiam consequuntur. Laudantium qui velit dicta nisi doloremque ipsum perferendis. Quis nostrum voluptas et sit. Aliquam soluta similique eum.', 288637447, '2019-09-16 05:52:16', '2019-09-16 05:52:16'),
(121, 31, 'Margarette Greenholt', 'Est est recusandae cum voluptas laborum. Dolor quasi minus rerum qui enim aut officiis.', 1105527358, '2019-09-16 05:52:16', '2019-09-16 05:52:16'),
(122, 6, 'Chet Hintz III', 'Nihil praesentium esse consectetur earum et eligendi laudantium. Hic ipsa similique ratione amet consequatur. Eligendi accusamus praesentium molestias sequi id.', 946207767, '2019-09-16 05:52:16', '2019-09-16 05:52:16'),
(123, 79, 'Brielle Price DDS', 'Aliquid ratione voluptatem et ea. Fugit nisi quam quam quos nihil rem. Nihil quasi culpa autem voluptas sed asperiores optio.', 656613123, '2019-09-16 05:52:16', '2019-09-16 05:52:16'),
(124, 49, 'Eleanore Schowalter', 'Ut saepe consequatur ipsam aut aperiam quis. Nulla dolore ut minima cumque recusandae magnam. Esse eum enim quidem fugit et omnis. Asperiores sit non tenetur esse eum sed.', 786372134, '2019-09-16 05:52:16', '2019-09-16 05:52:16'),
(125, 7, 'Forrest Hintz', 'Optio nesciunt debitis facere ex perspiciatis. Iste odit sed deserunt rem aperiam unde. Consectetur voluptas aliquam voluptas eligendi.', 530604561, '2019-09-16 05:52:16', '2019-09-16 05:52:16'),
(126, 58, 'Cecilia Shanahan', 'Quidem dolore porro soluta est. Hic ea fugiat reprehenderit ullam qui hic quis. Iste debitis velit sit saepe reprehenderit non.', 1608832908, '2019-09-16 05:52:16', '2019-09-16 05:52:16'),
(127, 2, 'Gertrude Yundt', 'Iure id pariatur numquam non ea. Aut omnis velit omnis. Rerum cumque minus repellendus ut eligendi delectus.', 1643285370, '2019-09-16 05:52:16', '2019-09-16 05:52:16'),
(128, 72, 'Dr. Tomas Wehner', 'Fugit labore ut sit qui hic officiis. Aut sit amet eveniet. Voluptatum et magnam voluptas. Error dicta enim sit maiores qui quasi.', 2014024406, '2019-09-16 05:52:16', '2019-09-16 05:52:16'),
(129, 83, 'Tierra Hoeger DDS', 'Porro aut quas consequuntur necessitatibus aperiam illum dignissimos. Est velit debitis veniam. Exercitationem sit laboriosam neque nihil voluptatem atque. Consequatur aspernatur laudantium illum labore.', 605521126, '2019-09-16 05:52:16', '2019-09-16 05:52:16'),
(130, 55, 'Bette Raynor', 'Consectetur sit ad sed sint ipsum qui dicta qui. Consequatur eius eos inventore architecto. Quia at cum nulla repellat a autem. Ad dolor consequatur ut eum et laudantium.', 535553958, '2019-09-16 05:52:16', '2019-09-16 05:52:16'),
(131, 63, 'Gino Price MD', 'Quos optio ut veritatis suscipit maiores et et. Suscipit sunt perspiciatis voluptates alias commodi adipisci. Ratione porro qui totam occaecati.', 1418520795, '2019-09-16 05:52:16', '2019-09-16 05:52:16'),
(132, 23, 'Renee Lebsack', 'Tempora vel iure asperiores eaque sint. Sint inventore nam aut porro possimus dolorem aut. Illo libero illo esse officiis in.', 1220519162, '2019-09-16 05:52:16', '2019-09-16 05:52:16'),
(133, 24, 'Kayleigh Torp', 'Commodi molestiae fuga aut quam quia et. Similique sed possimus quia commodi illum dolores ex. Est eum quia ipsum. Consequatur voluptas dolor et alias omnis.', 543273743, '2019-09-16 05:52:16', '2019-09-16 05:52:16'),
(134, 13, 'Jarrett Bradtke', 'Voluptatibus ut ut eaque veritatis praesentium nisi optio. Ut delectus cumque id iure placeat quisquam. Accusamus fugit ex adipisci est commodi beatae aliquam. Quisquam voluptas qui ut molestiae.', 1088874669, '2019-09-16 05:52:16', '2019-09-16 05:52:16'),
(135, 84, 'Anabel Langworth', 'Dolore placeat qui perspiciatis ipsa molestiae inventore excepturi nisi. Ut quia maxime dolores fugiat cumque. Omnis adipisci explicabo ipsam consequatur quam. Exercitationem et recusandae enim omnis. Quod ducimus eveniet velit facilis.', 1671968751, '2019-09-16 05:52:16', '2019-09-16 05:52:16'),
(136, 85, 'Mrs. Ines Brakus DVM', 'Non asperiores animi sunt adipisci in et aperiam. Et modi qui nobis qui. Consequuntur qui et earum possimus.', 233675471, '2019-09-16 05:52:17', '2019-09-16 05:52:17'),
(137, 57, 'Lonny Dach', 'Nemo in non veniam non velit. Corrupti omnis sed hic odio beatae.', 2009003124, '2019-09-16 05:52:17', '2019-09-16 05:52:17'),
(138, 9, 'Jacynthe Rogahn PhD', 'Sapiente recusandae vitae non in esse. Voluptate cum tenetur eius ratione alias incidunt qui. Totam omnis molestias nemo excepturi dolorem fuga.', 1819637836, '2019-09-16 05:52:17', '2019-09-16 05:52:17'),
(139, 17, 'Rubie Bosco', 'Illo ipsa id rerum repudiandae tempora a. Animi a quam eaque laboriosam. Aperiam architecto laudantium facilis consequuntur aut deleniti. Ea laborum deserunt ea laboriosam aut sunt ut.', 1188953619, '2019-09-16 05:52:17', '2019-09-16 05:52:17'),
(140, 3, 'Ryleigh Wisozk', 'Deleniti consequuntur architecto ipsam voluptas optio aperiam cum consequuntur. Maxime maxime voluptatem aut aut ea ut sequi. Autem sunt ut modi quidem aut est minima.', 1911302522, '2019-09-16 05:52:17', '2019-09-16 05:52:17'),
(141, 33, 'Fernando Schaden', 'Aspernatur dolorem sunt ex perferendis esse assumenda expedita. Reiciendis quasi ea iste praesentium laudantium pariatur eveniet. Quia quibusdam ipsum harum nesciunt qui et aut. Et exercitationem sed quia necessitatibus maiores.', 1211749295, '2019-09-16 05:52:17', '2019-09-16 05:52:17'),
(142, 31, 'Miss Providenci Schroeder', 'Laudantium saepe dicta non nemo atque cupiditate. Aut non rerum est. Illo earum necessitatibus qui vel sed ea odio.', 797896836, '2019-09-16 05:52:17', '2019-09-16 05:52:17'),
(143, 19, 'Forest Braun', 'Ab sed minus exercitationem molestiae dolore voluptas. Mollitia ab harum a rerum eaque. Molestiae voluptates maxime distinctio maiores iusto id. Saepe eos sint quisquam soluta quia voluptas.', 506996289, '2019-09-16 05:52:17', '2019-09-16 05:52:17'),
(144, 38, 'Mortimer Zieme', 'Non sit excepturi culpa nam ab quia omnis. Vel id optio minus qui eos nam facilis.', 1237024967, '2019-09-16 05:52:17', '2019-09-16 05:52:17'),
(145, 9, 'Ned Abernathy', 'Alias repudiandae magni quia molestiae. Dolor id dicta unde voluptatem eum non impedit aspernatur. Fugit sit blanditiis ab id. Reiciendis alias corrupti ut reiciendis labore hic consequatur.', 273329120, '2019-09-16 05:52:17', '2019-09-16 05:52:17'),
(146, 58, 'Mr. Armand Volkman DDS', 'Et voluptatem dicta minus quidem. Non sed sunt eaque libero dignissimos. Beatae optio ad laboriosam. Non odit debitis aperiam velit illum earum quisquam nihil.', 1820074081, '2019-09-16 05:52:17', '2019-09-16 05:52:17'),
(147, 98, 'Consuelo Anderson', 'Et voluptatem sit saepe et ratione nobis. Hic eius fuga minus enim sit. Porro ad quasi quasi est. Dolorum rerum eius fugit asperiores.', 1524133066, '2019-09-16 05:52:17', '2019-09-16 05:52:17'),
(148, 46, 'Lonie Conn', 'Dolor veritatis accusantium commodi itaque sit vero quaerat. Magni et asperiores corrupti dolorem eos quo inventore. Illo exercitationem eaque ad libero sint soluta.', 1644744670, '2019-09-16 05:52:17', '2019-09-16 05:52:17'),
(149, 70, 'Santino Turcotte', 'Quam perferendis expedita modi beatae vero voluptatem. Voluptatum qui tempora tempore maxime quia quia quia. Vel modi et eveniet distinctio consectetur nulla. Nemo molestiae facilis ut unde quaerat.', 488492330, '2019-09-16 05:52:17', '2019-09-16 05:52:17'),
(150, 57, 'Clyde Cruickshank', 'Impedit natus maxime ex vel. Impedit possimus et nam ea voluptatibus ex optio. Enim sapiente placeat consequuntur porro amet quibusdam quaerat. Voluptas sed atque neque soluta et.', 739788008, '2019-09-16 05:52:17', '2019-09-16 05:52:17'),
(151, 16, 'Cathrine Watsica', 'Sit ab reiciendis voluptatibus quia qui sunt. Consectetur ad id ad quo quo. Quidem eaque velit cupiditate sunt nisi. Dolor eos ea autem consequuntur. Unde doloribus maiores ducimus fugit quisquam inventore.', 1217277932, '2019-09-16 05:52:17', '2019-09-16 05:52:17'),
(152, 19, 'Mr. Miller Beahan Sr.', 'Quae quia consectetur ipsam enim. Recusandae voluptates beatae doloribus laborum vero. Tempora illo accusantium soluta ipsam ut ipsa. Nihil reiciendis quia molestiae blanditiis et labore id dolores.', 1943394027, '2019-09-16 05:52:17', '2019-09-16 05:52:17'),
(153, 3, 'Craig Reynolds MD', 'Reprehenderit repellendus iusto id quo omnis quia esse. Atque quia dolores totam minus omnis iusto sit minima. Perspiciatis maiores sit beatae sit.', 1391047244, '2019-09-16 05:52:17', '2019-09-16 05:52:17'),
(154, 17, 'Princess Reynolds', 'Asperiores eos quia sunt et ut. Autem laudantium harum fugit iure cupiditate ut. Autem minus eos sapiente sint cum.', 1939947474, '2019-09-16 05:52:17', '2019-09-16 05:52:17'),
(155, 81, 'Aurore Miller', 'Unde id quae porro nemo saepe. Vel adipisci non et fuga sed omnis at aperiam. Sed eum fuga cum perspiciatis sit aut. Aliquid repellat et est voluptates.', 590187390, '2019-09-16 05:52:17', '2019-09-16 05:52:17'),
(156, 53, 'Katharina Gleason V', 'Sapiente veritatis molestiae in laborum. Eum explicabo porro ut vero ut quia. Sed consequatur deserunt ex quaerat reiciendis aut.', 739973416, '2019-09-16 05:52:17', '2019-09-16 05:52:17'),
(157, 65, 'Dr. Kitty Heaney', 'Et id doloremque ullam perferendis. Sed ut autem odio magni.', 379874791, '2019-09-16 05:52:17', '2019-09-16 05:52:17'),
(158, 39, 'Karianne Schroeder', 'Pariatur sit et dolores delectus est dolorum atque. Tempora qui sint nisi. Quia illum eveniet omnis quo pariatur quos ut.', 487049074, '2019-09-16 05:52:17', '2019-09-16 05:52:17'),
(159, 75, 'Rylan Block', 'Laudantium et cumque incidunt facilis. Eveniet necessitatibus et quis quibusdam. Consequatur tempora dolorem non fugit aut inventore. Beatae est aut sint autem.', 445837595, '2019-09-16 05:52:17', '2019-09-16 05:52:17'),
(160, 40, 'Dr. Beaulah Vandervort DDS', 'Et et totam eum eum veritatis placeat sit. Facere nihil fuga quia beatae reprehenderit. Aut recusandae in autem porro.', 1416081734, '2019-09-16 05:52:17', '2019-09-16 05:52:17'),
(161, 44, 'Charley Bogisich', 'Et aut quibusdam aut maiores qui tempora. Quia ut rerum ea facere sed. Ab est beatae enim. Voluptas ea laborum nobis labore.', 69779028, '2019-09-16 05:52:17', '2019-09-16 05:52:17'),
(162, 36, 'Wilhelmine Ullrich', 'Nihil sequi aut voluptatem molestiae quod facere odit. Eum deserunt consequatur voluptates quia est aliquam voluptatem. Ut aut dolores ipsum tenetur voluptatem qui. Quis nihil dolorem et expedita nobis est voluptatem.', 1676870371, '2019-09-16 05:52:17', '2019-09-16 05:52:17'),
(163, 30, 'Remington Goodwin', 'Eos unde accusamus sint aut. Aut est ducimus omnis. Doloremque commodi quis facere ut saepe.', 1493586359, '2019-09-16 05:52:17', '2019-09-16 05:52:17'),
(164, 57, 'Lina Kiehn', 'Sed dolor qui temporibus adipisci. Et sed odit voluptatem ullam. Magnam similique repudiandae praesentium fugiat ut a officia.', 935503123, '2019-09-16 05:52:17', '2019-09-16 05:52:17'),
(165, 6, 'Cade Schimmel', 'Eveniet ad dolores quod adipisci. Ipsa sit doloremque eaque cupiditate rem sit. Recusandae nisi sit est consequuntur illo voluptatum. Earum similique placeat earum a.', 473453966, '2019-09-16 05:52:17', '2019-09-16 05:52:17'),
(166, 89, 'Coleman Padberg', 'Molestiae mollitia blanditiis consequuntur voluptates. Autem fugit animi sunt et. Eveniet quaerat id illum laboriosam voluptatem. A quis reprehenderit adipisci sequi beatae.', 765323239, '2019-09-16 05:52:17', '2019-09-16 05:52:17'),
(167, 97, 'Mr. Gavin Schimmel V', 'Dicta aliquid deserunt expedita esse reiciendis provident. Est aut deleniti facilis aut error voluptates excepturi. Quia vel molestias quod sit corrupti ut officiis.', 1000621624, '2019-09-16 05:52:17', '2019-09-16 05:52:17'),
(168, 52, 'Dr. Berniece Bahringer', 'Rerum in et deserunt reiciendis sunt officia sequi quibusdam. Repellat vel doloribus et quo exercitationem quia. Aut sit nobis quia.', 835257400, '2019-09-16 05:52:17', '2019-09-16 05:52:17'),
(169, 86, 'Avis Cremin', 'Aspernatur minus quia quos ea neque. Assumenda quos voluptate voluptatum omnis culpa aut. Occaecati sed aut est cupiditate dolores sit magni iusto. Aspernatur velit autem mollitia exercitationem.', 1016029937, '2019-09-16 05:52:17', '2019-09-16 05:52:17'),
(170, 70, 'Aubrey Cormier', 'Rerum dolor et non sit quod repudiandae. Ab quaerat iusto nemo distinctio enim. Eius magni rerum delectus est et corrupti facere. Error dolorem fugit officiis.', 844669176, '2019-09-16 05:52:17', '2019-09-16 05:52:17'),
(171, 44, 'Sherman Wolff', 'Eum provident similique ea error eaque delectus molestiae. Assumenda qui est aut vero exercitationem. Omnis molestias officia ut tempore. Iure ut sed deleniti dolor quis nulla.', 847656599, '2019-09-16 05:52:17', '2019-09-16 05:52:17'),
(172, 3, 'Carroll Reichert', 'Exercitationem velit hic voluptas voluptatem nulla vero odio nobis. Et exercitationem at nemo veniam. Sapiente ex et deleniti molestias excepturi. Sapiente perferendis corrupti iste ipsam tempore qui.', 2094763512, '2019-09-16 05:52:18', '2019-09-16 05:52:18'),
(173, 1, 'Elisabeth Stoltenberg MD', 'Non eveniet ut totam minus. Amet et est porro velit voluptas sapiente. Dolore reiciendis nesciunt facilis et. Sunt maxime et maxime eaque.', 1620690711, '2019-09-16 05:52:18', '2019-09-16 05:52:18'),
(174, 88, 'Verner Walsh DDS', 'Culpa consectetur error dignissimos exercitationem eaque. Dolorum cum soluta eaque dolor dolor. Dolorem consequatur nihil ut qui ea. Rem porro quae repellendus et commodi officiis.', 1927356044, '2019-09-16 05:52:18', '2019-09-16 05:52:18'),
(175, 50, 'Dr. Alessandra Quitzon MD', 'Molestiae sit nihil architecto eligendi ab a. Repellat omnis sed veritatis quos molestias aut.', 1857215218, '2019-09-16 05:52:18', '2019-09-16 05:52:18'),
(176, 46, 'Deshawn Toy', 'Assumenda aut quisquam magni quia eos. Doloribus facere rem sequi et sed. Sed quibusdam et sed quisquam. Unde recusandae et sunt quos aut ea eum.', 645352595, '2019-09-16 05:52:18', '2019-09-16 05:52:18'),
(177, 70, 'Dr. Cordia Lakin Sr.', 'Qui eius asperiores voluptas laboriosam sit. In officia perferendis reiciendis dolor non ut. Iste et assumenda facilis cupiditate necessitatibus qui. Vero voluptatem est molestiae fuga autem autem vitae.', 1298905692, '2019-09-16 05:52:18', '2019-09-16 05:52:18'),
(178, 35, 'Sean Nienow MD', 'Soluta cumque ducimus tempora dicta earum est cum. Numquam et ut occaecati est et laborum architecto.', 1390375849, '2019-09-16 05:52:18', '2019-09-16 05:52:18'),
(179, 74, 'Vivienne Trantow', 'Quisquam est harum tenetur accusantium quasi placeat itaque possimus. Doloremque laboriosam iusto dicta. Ab porro natus nesciunt voluptas repellat. Qui voluptatibus veritatis corporis voluptates.', 673038151, '2019-09-16 05:52:18', '2019-09-16 05:52:18'),
(180, 59, 'Laurianne Blanda', 'Numquam architecto quis ut voluptas provident culpa. Odio temporibus rerum eos quibusdam accusantium. Repellendus dolores sunt enim ipsa exercitationem voluptate voluptates.', 873456555, '2019-09-16 05:52:18', '2019-09-16 05:52:18'),
(181, 74, 'Leopoldo Beier', 'Ut placeat sapiente vitae rerum nisi. Itaque reprehenderit harum debitis aperiam. Quis sint omnis commodi magni voluptatem excepturi voluptatibus.', 1079521652, '2019-09-16 05:52:18', '2019-09-16 05:52:18'),
(182, 82, 'Mr. Kaleb Kling IV', 'Accusamus error similique ducimus culpa animi. Quod similique molestias eum repellat. Ad et porro itaque saepe facilis. Tempore optio eveniet est ut quia molestiae totam.', 2078036983, '2019-09-16 05:52:18', '2019-09-16 05:52:18'),
(183, 23, 'Nicolas Herman MD', 'Voluptas enim blanditiis eligendi quod illum numquam enim sed. Ut quo fugiat necessitatibus corrupti quis sit. Voluptas quia molestiae aspernatur omnis quisquam voluptatum. Aliquid earum minima nulla sapiente quis labore unde. Iusto quas perspiciatis omnis consequatur tenetur.', 1802827719, '2019-09-16 05:52:18', '2019-09-16 05:52:18'),
(184, 1, 'Edgar Mosciski', 'Molestiae dolorum qui itaque vel reprehenderit laborum esse. Sit possimus aut officia aut sunt dolor tenetur. Quia velit dolores praesentium minus optio aut in. Nihil et et qui similique consequatur beatae et minus. Voluptate et esse voluptatum consequuntur placeat facere.', 611533721, '2019-09-16 05:52:18', '2019-09-16 05:52:18'),
(185, 3, 'Garfield Terry V', 'Et possimus molestias iure. Distinctio qui est deserunt quia saepe. Quae accusantium velit iure ut eveniet facere.', 967057469, '2019-09-16 05:52:18', '2019-09-16 05:52:18'),
(186, 4, 'Cordia Keeling III', 'Provident aut sit voluptatem unde harum qui ea. Est deleniti consequatur ipsam dolor voluptas. Voluptatum rerum itaque aliquid sit eaque.', 2114185386, '2019-09-16 05:52:18', '2019-09-16 05:52:18'),
(187, 87, 'Marcus Parisian', 'Eligendi vel natus est repellendus architecto ut commodi. Voluptas sapiente saepe reprehenderit nulla est. Cum voluptatem vero sed nam ad. Aspernatur placeat incidunt quaerat incidunt culpa. Velit repellat quos est itaque dolore.', 879980894, '2019-09-16 05:52:18', '2019-09-16 05:52:18'),
(188, 32, 'Tyreek Altenwerth', 'Aliquam esse nam tenetur voluptate et totam accusamus. Quae velit rem aut fugit dolor. Repellendus molestiae sit non iure fugit non. Inventore nihil voluptate repudiandae. Velit voluptatem enim est deserunt blanditiis ex.', 13334486, '2019-09-16 05:52:18', '2019-09-16 05:52:18'),
(189, 86, 'Alene Marks', 'Eveniet corporis veniam assumenda libero omnis praesentium perspiciatis. Qui blanditiis ratione porro dolor soluta provident ea. Corporis quia sit sed autem et neque est. Et dolorem iste modi in.', 368039579, '2019-09-16 05:52:18', '2019-09-16 05:52:18'),
(190, 41, 'Clare Kemmer', 'Possimus asperiores ipsum odit eum doloremque omnis. Est reiciendis quis voluptas asperiores voluptate ullam. Culpa rerum commodi vitae deleniti. Maxime non architecto ad iure impedit qui ex.', 1566403027, '2019-09-16 05:52:18', '2019-09-16 05:52:18'),
(191, 91, 'Shawna Wiegand', 'Beatae necessitatibus saepe hic omnis ducimus eos. Optio aut et est modi totam atque dolor.', 112224394, '2019-09-16 05:52:18', '2019-09-16 05:52:18'),
(192, 69, 'Carmel Nitzsche', 'Enim impedit numquam earum et inventore nobis. Sunt sequi sapiente tempore animi sapiente praesentium. Aspernatur accusamus et repellat nisi recusandae ullam itaque.', 919127065, '2019-09-16 05:52:18', '2019-09-16 05:52:18'),
(193, 95, 'Stephen Jacobs', 'Facilis rem nesciunt sint culpa exercitationem. Illum eaque et ducimus itaque omnis nemo vel nobis.', 1525638093, '2019-09-16 05:52:18', '2019-09-16 05:52:18'),
(194, 42, 'Katharina Abernathy', 'Non dolores id placeat facere inventore quod voluptatem quas. Et assumenda et doloremque nihil voluptas magnam temporibus. Consequatur quidem magni maiores perferendis tempora minima aut eum.', 1593833990, '2019-09-16 05:52:18', '2019-09-16 05:52:18'),
(195, 10, 'Bertrand Kunde', 'Et enim provident nostrum molestiae fugit non. Mollitia architecto odit aut esse. Odit ad est dolor aspernatur aut nulla quia. Sunt quibusdam aliquam excepturi vitae dolore.', 1179950736, '2019-09-16 05:52:18', '2019-09-16 05:52:18'),
(196, 6, 'Prof. Richard Hamill MD', 'Nisi debitis sit nulla modi quod minima veritatis qui. Voluptas nobis vel minus non maxime in placeat. Nesciunt excepturi dicta ipsam architecto sit nam temporibus. Qui culpa non occaecati adipisci totam.', 183282119, '2019-09-16 05:52:18', '2019-09-16 05:52:18'),
(197, 42, 'Dr. Krystina Abshire', 'Suscipit voluptatem eaque repellat earum. Consequuntur impedit nihil ipsum quo quia. Et voluptate suscipit placeat odit error. Laborum pariatur odio qui totam dolores quidem quia. Aut doloremque veritatis ut.', 14881795, '2019-09-16 05:52:18', '2019-09-16 05:52:18');
INSERT INTO `reviews` (`id`, `product_id`, `customer`, `review`, `star`, `created_at`, `updated_at`) VALUES
(198, 19, 'Percy Schultz', 'Sed reiciendis modi sint nulla commodi. Minima animi at neque unde nesciunt at qui. Minima quas provident et maxime. Laudantium magni placeat facilis deleniti et. Asperiores ad veritatis ut qui magnam est nisi.', 677026563, '2019-09-16 05:52:19', '2019-09-16 05:52:19'),
(199, 16, 'Kyle Powlowski', 'Aspernatur aut cupiditate et alias enim blanditiis. Ex reprehenderit natus quia aut. Qui facere molestiae quibusdam. Repudiandae aut facilis ipsa placeat quia.', 29108736, '2019-09-16 05:52:19', '2019-09-16 05:52:19'),
(200, 89, 'Graciela Balistreri', 'Exercitationem pariatur fugiat distinctio dolorum aut nemo dicta repellendus. Qui id deleniti numquam. Rem ipsum consequuntur et rerum et fugit. Quia est placeat dolor fuga fuga cum cum.', 1434688477, '2019-09-16 05:52:19', '2019-09-16 05:52:19'),
(201, 30, 'Nikolas Crooks', 'Pariatur mollitia praesentium esse similique expedita. Aperiam eaque voluptas reiciendis sunt magni. Et modi sed ut optio.', 511264488, '2019-09-16 05:52:19', '2019-09-16 05:52:19'),
(202, 14, 'Kim Welch', 'Officia voluptatem ullam reprehenderit fugiat voluptatum. Consequatur rerum repudiandae similique quos. Nulla id quisquam totam debitis totam.', 239223806, '2019-09-16 05:52:19', '2019-09-16 05:52:19'),
(203, 68, 'Duncan Thiel II', 'Quia nihil blanditiis dolorem reprehenderit eaque et est. Qui non eos cupiditate quia id. Excepturi facilis repellendus illum odio omnis molestias. Aut quis voluptatum sapiente ut vel error.', 1970439497, '2019-09-16 05:52:19', '2019-09-16 05:52:19'),
(204, 76, 'Liliane Eichmann', 'Quidem doloribus debitis et consequatur culpa illo harum. Distinctio explicabo ut nihil dolore quo repellat vel. Aspernatur nemo omnis error esse adipisci eos voluptas. Quaerat et a non rerum ut et qui eum.', 573982431, '2019-09-16 05:52:19', '2019-09-16 05:52:19'),
(205, 51, 'Rosemarie Monahan', 'Impedit cumque est nemo rerum nihil rerum. Ducimus dolores aspernatur facere sed amet qui. Optio doloribus omnis error velit sint omnis voluptas. Suscipit est numquam quia.', 164552302, '2019-09-16 05:52:19', '2019-09-16 05:52:19'),
(206, 94, 'Pansy Bednar', 'Sunt aliquid ut incidunt laudantium ut. Rerum ratione saepe occaecati ut nam ad fugiat. Et ut quisquam fugiat qui nam. Sapiente porro officia voluptatem fuga eaque iste. Iure voluptates maxime voluptatibus libero maiores.', 998260079, '2019-09-16 05:52:19', '2019-09-16 05:52:19'),
(207, 60, 'Rodolfo Reinger', 'Ut sint molestiae assumenda. Possimus id quia vel et. A et omnis ut a. Sed quia officia est corporis ipsa qui.', 1867017273, '2019-09-16 05:52:19', '2019-09-16 05:52:19'),
(208, 33, 'Ms. Tiffany Rippin Sr.', 'Molestiae qui consequatur accusamus temporibus ducimus enim. Accusamus accusamus molestiae deserunt libero sed tempore.', 714996106, '2019-09-16 05:52:19', '2019-09-16 05:52:19'),
(209, 87, 'Leanna Keebler IV', 'Id laboriosam necessitatibus vero inventore magni. Eligendi hic tempora rerum ipsum fugiat. Quo beatae nostrum dolorem debitis repellendus earum iure.', 757517842, '2019-09-16 05:52:19', '2019-09-16 05:52:19'),
(210, 86, 'Mazie Cummings', 'Odit unde facilis mollitia repudiandae labore laboriosam nisi. Expedita in enim nesciunt dolores eos voluptatem. Accusamus quaerat voluptatem eligendi qui. Quam qui sint ut aut eum.', 1428338707, '2019-09-16 05:52:19', '2019-09-16 05:52:19'),
(211, 29, 'Dane Kulas', 'Et nobis repellat non accusantium eaque. Enim maxime reprehenderit aspernatur est omnis quaerat necessitatibus. Quo quas qui et beatae voluptatem sapiente et. Minima quod quo aut ullam.', 1449853389, '2019-09-16 05:52:19', '2019-09-16 05:52:19'),
(212, 11, 'Sienna Champlin', 'Aut molestiae quo officia ut pariatur. Dolor quia occaecati quaerat et dolorem dolor. Similique velit rerum adipisci nesciunt ut itaque provident. Numquam itaque dolores atque minima. Autem aut dolore aperiam est doloribus qui accusamus possimus.', 383465354, '2019-09-16 05:52:19', '2019-09-16 05:52:19'),
(213, 31, 'Ms. Adeline Osinski', 'Tempore quae inventore qui. Qui incidunt quia qui corrupti. Ipsa nihil suscipit ducimus rem rem.', 1444005793, '2019-09-16 05:52:19', '2019-09-16 05:52:19'),
(214, 65, 'Javier Carter', 'Quis cupiditate omnis voluptates repudiandae alias. Rem corrupti soluta asperiores. Ut id nostrum similique sit praesentium nostrum quae. Molestiae tempora ut eaque molestiae ipsa ut.', 968767287, '2019-09-16 05:52:19', '2019-09-16 05:52:19'),
(215, 47, 'Fred Goodwin', 'Quo labore vero possimus earum voluptatem natus voluptas. Ducimus quia adipisci similique cumque voluptatem dignissimos magni. Ratione est unde eaque itaque nihil aut.', 1821062122, '2019-09-16 05:52:19', '2019-09-16 05:52:19'),
(216, 72, 'Aditya Emard', 'Sit est ea suscipit. Commodi quo aut sequi ad iusto. Occaecati sit ut neque veritatis exercitationem. Et minima consectetur et exercitationem inventore a. Itaque qui et iusto omnis vero perspiciatis quis.', 226648100, '2019-09-16 05:52:19', '2019-09-16 05:52:19'),
(217, 52, 'Prof. Bryana Nikolaus II', 'Et et quidem debitis similique excepturi architecto. Voluptate ut debitis et consectetur sed minus. Assumenda libero accusantium aspernatur officiis. Sunt officiis vero voluptatem.', 552673388, '2019-09-16 05:52:19', '2019-09-16 05:52:19'),
(218, 53, 'Gaylord Wunsch', 'Voluptates explicabo enim aut at. Iure odit veniam quia consequatur non nemo. Ut tenetur commodi quae est.', 689775542, '2019-09-16 05:52:19', '2019-09-16 05:52:19'),
(219, 6, 'Mrs. Concepcion Rice MD', 'Similique labore cum eligendi quos quia ut id. Quo delectus et reiciendis minima unde dolorem neque. Quo ut a reiciendis pariatur. Amet quod vero voluptas aut rerum ea.', 542222827, '2019-09-16 05:52:19', '2019-09-16 05:52:19'),
(220, 82, 'Roxane Lakin', 'Odit error rerum deserunt rerum. Qui amet molestiae quisquam similique. Ab ea reprehenderit dignissimos quaerat minus alias. Eligendi consectetur voluptas autem.', 1436386310, '2019-09-16 05:52:19', '2019-09-16 05:52:19'),
(221, 33, 'Miss Marcelina Pagac', 'Consequatur dolores sit veniam. A est quasi ab facere non ut. Aliquid odio occaecati veritatis delectus assumenda enim.', 1607764865, '2019-09-16 05:52:19', '2019-09-16 05:52:19'),
(222, 87, 'Prof. Dalton Kunze PhD', 'Aut reprehenderit ducimus cum odio. Nihil repellat unde eveniet est sequi. Quas ipsum autem velit non sequi.', 1503289274, '2019-09-16 05:52:19', '2019-09-16 05:52:19'),
(223, 70, 'Ashlee Lockman', 'Omnis non nam qui aut dolorem recusandae dolore. A dolorem et velit voluptas a pariatur ullam. Omnis neque inventore similique doloribus. Nisi inventore quam fugit autem quasi velit inventore. Nesciunt qui ab molestias reprehenderit sed.', 1907802163, '2019-09-16 05:52:19', '2019-09-16 05:52:19'),
(224, 22, 'Dawson Dare', 'Et quibusdam minus id quo adipisci qui voluptatem. Ducimus magnam libero ut sint. Molestias sed provident laudantium.', 838829848, '2019-09-16 05:52:19', '2019-09-16 05:52:19'),
(225, 60, 'Marisa Morar', 'Dolor et voluptatem eius tenetur et. Est sunt vel hic beatae quia.', 977587280, '2019-09-16 05:52:19', '2019-09-16 05:52:19'),
(226, 23, 'Miss Ernestina Swift', 'Consequatur alias illum accusantium voluptatum. Velit ut reiciendis velit aut laborum. Repudiandae ut beatae perferendis ea eos eaque. Minus sequi vero nobis odit magnam et necessitatibus.', 1384111446, '2019-09-16 05:52:19', '2019-09-16 05:52:19'),
(227, 42, 'Jessy Keebler', 'Exercitationem nisi perferendis totam saepe iusto enim qui. Autem voluptas ut dolore dolor omnis voluptatem. Ex voluptatibus voluptatum ducimus fuga. Eum deleniti laudantium ducimus molestiae nihil.', 1658653633, '2019-09-16 05:52:19', '2019-09-16 05:52:19'),
(228, 63, 'Prof. Emmet Sporer', 'Vitae porro quia quia. Autem temporibus harum velit deleniti nobis et aperiam. Ipsum qui eum vitae veniam et harum veniam.', 434584648, '2019-09-16 05:52:19', '2019-09-16 05:52:19'),
(229, 29, 'Mrs. Sophie Lehner', 'Accusamus sit dolor sit similique tempore est totam qui. Ut molestiae consequuntur voluptatem dolorem. Mollitia laboriosam odit exercitationem neque nisi. Repudiandae nihil est qui dicta ea.', 273513255, '2019-09-16 05:52:19', '2019-09-16 05:52:19'),
(230, 65, 'Carolyn Orn MD', 'Iusto consequatur natus in possimus quod. Ab et provident rerum aut atque reprehenderit. Quam unde aut aut earum in saepe voluptatem et.', 1649430994, '2019-09-16 05:52:19', '2019-09-16 05:52:19'),
(231, 29, 'Ephraim Volkman', 'Sit laborum natus maxime. Nulla necessitatibus atque porro molestiae laborum magni ut delectus. Aperiam ullam quis aut voluptatem molestiae saepe maxime.', 680374390, '2019-09-16 05:52:19', '2019-09-16 05:52:19'),
(232, 82, 'Shaniya McClure', 'Odio qui atque et animi aperiam eum amet. Quod temporibus reiciendis dolorem exercitationem qui. Enim autem et ducimus deserunt. Harum et porro veritatis nostrum.', 984872501, '2019-09-16 05:52:19', '2019-09-16 05:52:19'),
(233, 56, 'Carey Howell', 'Corrupti provident est ut. Quod dolore asperiores quaerat inventore vel. Aliquam laudantium voluptatem aut modi eaque. Dolorem omnis eveniet odio aliquid occaecati sed.', 1863576715, '2019-09-16 05:52:20', '2019-09-16 05:52:20'),
(234, 73, 'Dawn Tromp', 'Officiis similique earum facere officiis ullam. Laboriosam fugiat voluptatem placeat quod. Beatae earum ut rerum sed velit nobis enim. Voluptates iusto autem voluptas molestiae voluptatum maxime.', 1625998649, '2019-09-16 05:52:20', '2019-09-16 05:52:20'),
(235, 10, 'Dr. Rhea Schultz III', 'In culpa odit deleniti nobis. Harum rerum earum rerum. Dolor fugit ipsum illum omnis. Beatae consequatur sapiente explicabo id culpa inventore laudantium maiores.', 1730024358, '2019-09-16 05:52:20', '2019-09-16 05:52:20'),
(236, 5, 'Ezra Kovacek', 'Explicabo unde quia pariatur ut molestiae. Blanditiis aperiam sed dolore corporis. Deleniti eos qui harum quo nesciunt quae similique.', 1764784394, '2019-09-16 05:52:20', '2019-09-16 05:52:20'),
(237, 80, 'Dr. Nathaniel Herzog V', 'Quaerat voluptas nisi ipsa quae inventore quidem. Sunt molestias aliquid voluptatem eaque quia quae. Exercitationem minima itaque mollitia cumque at error sunt.', 1327183809, '2019-09-16 05:52:20', '2019-09-16 05:52:20'),
(238, 39, 'Norberto Lang', 'Consequatur incidunt facere et aut sed non veritatis. Et temporibus voluptatem molestiae nobis saepe dolore. Voluptates dolores sint ut distinctio ipsam fugit.', 1229225928, '2019-09-16 05:52:20', '2019-09-16 05:52:20'),
(239, 48, 'Tamara Blanda', 'Dignissimos sint quo atque ut. Esse quae aspernatur reiciendis sed est quia. Corporis exercitationem omnis est ad veniam nam et. Consequuntur nemo cum ut sit est.', 2033255440, '2019-09-16 05:52:20', '2019-09-16 05:52:20'),
(240, 58, 'Clarabelle Beier', 'Id qui ullam vel non aut nemo. Distinctio possimus repellendus ipsum. Et sequi magnam modi. Nemo aliquam vel omnis.', 1046962002, '2019-09-16 05:52:20', '2019-09-16 05:52:20'),
(241, 20, 'Gardner White Jr.', 'Deserunt ex minus totam nulla error quisquam. Maxime corporis ab et minus quas aut. Animi qui expedita quo ab aliquam molestiae possimus ipsam.', 1025843985, '2019-09-16 05:52:20', '2019-09-16 05:52:20'),
(242, 92, 'Elouise Kris', 'Qui facilis perferendis in dolores sequi a. Ea laudantium hic ut cum. Quas non est hic ipsa mollitia. Dignissimos consequatur occaecati perferendis autem architecto.', 1833182118, '2019-09-16 05:52:20', '2019-09-16 05:52:20'),
(243, 16, 'Peggie Davis', 'Porro ut veritatis omnis. Vero quia quia quasi facere.', 1737357820, '2019-09-16 05:52:20', '2019-09-16 05:52:20'),
(244, 23, 'Dr. Scot Gibson Jr.', 'Architecto et provident deleniti ipsa omnis ea. Dolorem suscipit aspernatur ut ea quo dicta ipsam. Ut aliquid omnis autem autem. Architecto qui optio blanditiis sequi quidem aut qui qui.', 295002947, '2019-09-16 05:52:20', '2019-09-16 05:52:20'),
(245, 22, 'Audrey Von', 'Aliquid voluptatem magnam repudiandae. Praesentium porro consequatur aut. Assumenda labore qui enim. Nobis sed earum incidunt dolores.', 152249661, '2019-09-16 05:52:20', '2019-09-16 05:52:20'),
(246, 85, 'Rita Blick', 'Dolores dolores blanditiis vitae excepturi aut vel deserunt. Sunt itaque in corporis est tenetur alias harum similique. Cumque quasi cupiditate ut aut et culpa dicta. Iste similique eaque dolores recusandae.', 321497443, '2019-09-16 05:52:20', '2019-09-16 05:52:20'),
(247, 32, 'Samara Fadel', 'Rerum quae aspernatur dolore. Tempore hic perspiciatis aut recusandae. Porro error aut et et.', 1479213583, '2019-09-16 05:52:20', '2019-09-16 05:52:20'),
(248, 88, 'Mr. Lionel Lockman III', 'Placeat similique fugiat et est consectetur quia sed. Qui adipisci vel impedit cum et similique non. Rerum minus consequatur eum ea. Ducimus voluptas rerum et ab nemo.', 749909368, '2019-09-16 05:52:20', '2019-09-16 05:52:20'),
(249, 92, 'Cassandra Toy', 'Id quo unde laborum praesentium quia neque. Facilis voluptas aspernatur quo. Accusantium dignissimos quis facilis ipsa.', 1656800214, '2019-09-16 05:52:20', '2019-09-16 05:52:20'),
(250, 14, 'Melba Balistreri Sr.', 'Laborum ea laboriosam et ipsa itaque. Dolores maiores sit libero animi dolore. Quia sit exercitationem enim saepe fugit quas.', 1563652270, '2019-09-16 05:52:20', '2019-09-16 05:52:20'),
(251, 11, 'Anya Cummerata PhD', 'Illum corrupti modi aut quaerat quasi. Et amet ipsa sed cum molestiae ad quia. Quisquam eos nulla possimus voluptates magni. Totam et vel esse.', 702754220, '2019-09-16 05:52:20', '2019-09-16 05:52:20'),
(252, 93, 'Henriette Beahan Sr.', 'Maxime quasi dignissimos beatae ut veritatis autem ea alias. Laudantium placeat voluptates aliquam et cupiditate sed placeat. Aspernatur consequuntur eum ut dolorem optio ipsum eius. Veritatis repudiandae corporis ea.', 356034487, '2019-09-16 05:52:20', '2019-09-16 05:52:20'),
(253, 77, 'Lea Medhurst', 'Animi ex iusto iste ut. Consequatur quia eligendi et officia omnis occaecati et veniam.', 1435999812, '2019-09-16 05:52:20', '2019-09-16 05:52:20'),
(254, 33, 'Juana Wilderman', 'Perspiciatis laborum fuga quis assumenda soluta placeat nostrum delectus. Amet id voluptatem omnis animi. Qui omnis rem architecto est. Ab eum error illo et.', 1302656067, '2019-09-16 05:52:20', '2019-09-16 05:52:20'),
(255, 14, 'Abagail Reynolds', 'Consequuntur nihil quia pariatur pariatur iusto voluptatem iste. Assumenda necessitatibus praesentium officiis eius consequatur explicabo et aut. Assumenda quam quia qui cumque beatae. Quibusdam qui nostrum sit deserunt quasi consequatur tempore. Adipisci cupiditate qui illum quo ut dignissimos.', 343114547, '2019-09-16 05:52:20', '2019-09-16 05:52:20'),
(256, 67, 'Alison Schultz', 'Fuga ut dignissimos aut et at nulla placeat. Illo facilis voluptate quidem veritatis soluta. Animi voluptas laborum vel nostrum corporis ab. Autem quaerat et quod facilis dignissimos quia pariatur.', 1007184822, '2019-09-16 05:52:20', '2019-09-16 05:52:20'),
(257, 33, 'Felipe Cronin', 'Omnis minus facere est mollitia vitae illum. Quos quia ea quo facere praesentium.', 685322506, '2019-09-16 05:52:20', '2019-09-16 05:52:20'),
(258, 92, 'Dr. Donavon Kulas Jr.', 'Sed nulla ut reprehenderit et. Officia unde aliquid cumque omnis ut. Qui aut dolores eum et. Vel numquam excepturi qui accusamus vel alias. Aut sed placeat ut mollitia cupiditate qui nobis.', 55176781, '2019-09-16 05:52:20', '2019-09-16 05:52:20'),
(259, 13, 'Dr. Ceasar Heathcote', 'Ut in vel sunt sed cum consectetur ut. Quo dolores vero ipsa accusamus et rerum. Quae molestiae maiores et ut aperiam commodi.', 1101025919, '2019-09-16 05:52:20', '2019-09-16 05:52:20'),
(260, 77, 'Brandon Kovacek', 'Laudantium quo perspiciatis voluptas sed. Culpa vitae ut corporis dicta ipsam non neque. Error nihil atque illum eligendi dolorem. Quod dolorem inventore velit animi rerum nemo aut a.', 1846957763, '2019-09-16 05:52:20', '2019-09-16 05:52:20'),
(261, 55, 'Giovanni Corkery', 'Velit rerum commodi culpa quaerat omnis amet possimus. Excepturi aut sit nihil in qui assumenda.', 900668170, '2019-09-16 05:52:20', '2019-09-16 05:52:20'),
(262, 10, 'Elody Senger', 'Atque necessitatibus deserunt libero magnam architecto magnam quia. Est eligendi iste animi molestias id. Totam magnam rerum deleniti incidunt.', 1664357166, '2019-09-16 05:52:20', '2019-09-16 05:52:20'),
(263, 31, 'Marcus Goldner I', 'Nobis distinctio quis quibusdam totam. Velit numquam placeat sed beatae sunt. Repellendus deleniti pariatur qui optio ut voluptates eos.', 1183706032, '2019-09-16 05:52:20', '2019-09-16 05:52:20'),
(264, 23, 'Carter Boyle', 'Ut repudiandae saepe incidunt quis. Sunt ad tenetur necessitatibus vel aliquid error in. Illo est nemo et maxime.', 2126369215, '2019-09-16 05:52:20', '2019-09-16 05:52:20'),
(265, 83, 'Bridie Tremblay', 'Sequi atque natus ea ea. Quas animi omnis est mollitia id est est. Voluptas eum ut aspernatur voluptatibus.', 2056580376, '2019-09-16 05:52:20', '2019-09-16 05:52:20'),
(266, 99, 'Dr. Jon Nader', 'Hic vitae iusto delectus laboriosam assumenda ex. Quo minus eos natus hic. Dolor non perspiciatis est eum.', 1014909755, '2019-09-16 05:52:20', '2019-09-16 05:52:20'),
(267, 48, 'Felicita Howe', 'Omnis fugit enim est voluptatem natus deserunt. Vitae omnis placeat nihil modi optio est fugiat. Perferendis praesentium deleniti ad ut corporis consequuntur modi quos.', 136699071, '2019-09-16 05:52:20', '2019-09-16 05:52:20'),
(268, 14, 'Rudy Hartmann V', 'Quis dolores sed itaque ipsa hic quo explicabo sapiente. Ut quis rerum non est quas sit. Possimus quia repellat deleniti qui animi. Sit ut corrupti corrupti eveniet sunt ratione et.', 1378512289, '2019-09-16 05:52:20', '2019-09-16 05:52:20'),
(269, 9, 'Marion Hoppe', 'Voluptatem quisquam quaerat qui facere omnis nostrum doloremque et. Ratione qui eum deleniti inventore.', 1914843646, '2019-09-16 05:52:21', '2019-09-16 05:52:21'),
(270, 97, 'Demetris Stokes Jr.', 'Dolores eius laudantium quisquam soluta eum ratione ea. Molestiae molestias ducimus ex. Sapiente dolore mollitia eos esse vel velit. Omnis in ad dolor cupiditate facere consequatur.', 2118199365, '2019-09-16 05:52:21', '2019-09-16 05:52:21'),
(271, 71, 'Amara Walsh', 'Consequatur nobis sunt fuga. Ducimus odio vero qui ullam eos. Illum consequatur quas accusamus veritatis odit explicabo maxime. Placeat qui eum nesciunt nobis.', 742713166, '2019-09-16 05:52:21', '2019-09-16 05:52:21'),
(272, 43, 'Abby Koch', 'Enim veniam recusandae quasi aut debitis. Non est placeat fugiat aut qui quam. Vitae facilis sint quasi deleniti quo.', 494074839, '2019-09-16 05:52:21', '2019-09-16 05:52:21'),
(273, 61, 'Jeff Barton', 'Doloribus sint aut consequatur vel a deserunt est. Illo eligendi deserunt ut nihil saepe suscipit hic. Vitae quia sequi cum eos numquam delectus. Tenetur ad nisi debitis fuga expedita adipisci.', 80666394, '2019-09-16 05:52:21', '2019-09-16 05:52:21'),
(274, 70, 'Prof. Wyatt Dare IV', 'Nesciunt consequatur cumque aut consequatur voluptas nihil eligendi. Sit amet ut consequatur consequuntur quia. Sapiente et architecto ut quos numquam eos.', 329843320, '2019-09-16 05:52:21', '2019-09-16 05:52:21'),
(275, 93, 'Dr. Bettie Rosenbaum', 'Quis officiis esse quod quasi veniam ut. Voluptates est ut ut molestiae rerum vitae.', 534000043, '2019-09-16 05:52:21', '2019-09-16 05:52:21'),
(276, 40, 'Jessie Collier', 'Dolore velit veritatis eum nesciunt dolor fugiat. Et sit est odio. Sapiente harum ab vel similique et consequuntur voluptatem. Eveniet minima reprehenderit omnis ut velit nihil.', 448752719, '2019-09-16 05:52:21', '2019-09-16 05:52:21'),
(277, 83, 'Giovanna Towne', 'Debitis aut id quaerat voluptatem doloremque laborum blanditiis. Eum ad doloremque deserunt dolorem doloribus. Itaque aperiam magni qui aspernatur dignissimos adipisci. Ut ut voluptas eum perferendis error fugiat.', 642177875, '2019-09-16 05:52:21', '2019-09-16 05:52:21'),
(278, 68, 'Mrs. Vickie Tremblay I', 'Molestiae repellat voluptas nulla sequi et. In ab incidunt sapiente neque et voluptatem deserunt. Neque ipsum sit possimus itaque praesentium.', 338339548, '2019-09-16 05:52:21', '2019-09-16 05:52:21'),
(279, 20, 'Bryce Hintz', 'Tenetur sed iste enim beatae culpa sequi inventore. Ullam explicabo officia aliquam consequatur facere omnis rerum.', 1987462959, '2019-09-16 05:52:21', '2019-09-16 05:52:21'),
(280, 55, 'Mrs. Jacinthe Ratke', 'Sed assumenda recusandae accusamus et cumque omnis. Velit consequatur commodi quidem et corporis. Qui ea debitis laborum ut amet mollitia molestias. Eius optio veritatis ad.', 1359554822, '2019-09-16 05:52:21', '2019-09-16 05:52:21'),
(281, 71, 'Woodrow Tromp', 'Voluptatem aut temporibus impedit aut ipsum ex eos et. Consectetur neque architecto ipsa qui a. Veritatis quae vero cupiditate dolor repellat aliquid. Debitis nobis ea quis fuga sint est.', 416895963, '2019-09-16 05:52:21', '2019-09-16 05:52:21'),
(282, 13, 'Zechariah Hand', 'Sit fuga asperiores consequatur similique. Autem delectus numquam delectus tempora temporibus earum. Quasi doloribus quaerat voluptatem est velit ut quis quis. Et beatae numquam iste aut nihil est aut.', 143620735, '2019-09-16 05:52:21', '2019-09-16 05:52:21'),
(283, 96, 'Cristopher Lind', 'Nihil ipsam ut quibusdam cupiditate praesentium sapiente. Quaerat quam atque id. Sit dolorum perferendis repellendus harum.', 2059400429, '2019-09-16 05:52:21', '2019-09-16 05:52:21'),
(284, 38, 'Cordia Hamill', 'Magnam expedita enim esse. Eum et soluta nulla aut laborum quia quaerat. Enim tenetur laudantium sed quia vero quas.', 1842470378, '2019-09-16 05:52:21', '2019-09-16 05:52:21'),
(285, 32, 'Dr. Antoinette Kling', 'Sunt et velit occaecati vel. Facere est qui maxime rerum. Dolor inventore at voluptates minima eius ut aliquid.', 482438833, '2019-09-16 05:52:21', '2019-09-16 05:52:21'),
(286, 40, 'Jedediah Thiel', 'Omnis explicabo provident in cumque aut occaecati quia. Enim quibusdam ut recusandae et corrupti eos magnam. Est quisquam minima repellendus libero deserunt. Id est debitis omnis quidem. Sed doloribus possimus qui quis.', 849345322, '2019-09-16 05:52:21', '2019-09-16 05:52:21'),
(287, 5, 'Frieda Rohan', 'Iste et natus sed deleniti officiis quos ad. Eos ut et enim expedita. Earum sit aspernatur facere repellat et rerum. Eum eos sunt neque vel.', 1368519708, '2019-09-16 05:52:21', '2019-09-16 05:52:21'),
(288, 22, 'Prof. Destiny Marks', 'Eveniet rerum quia perferendis itaque eos. Et quia ut laborum ab placeat commodi omnis. Reiciendis modi aut eligendi qui nemo. Esse repudiandae dolores quia tempore.', 2089476402, '2019-09-16 05:52:21', '2019-09-16 05:52:21'),
(289, 29, 'Candido Wolf', 'At consectetur et aliquid libero. Deleniti officiis sed quam. Ut omnis voluptate doloremque placeat ipsum dolores perspiciatis ut. Voluptates ea nulla id est enim illo saepe.', 1965942745, '2019-09-16 05:52:21', '2019-09-16 05:52:21'),
(290, 46, 'Mozell Willms', 'Ducimus minima consequatur ut in architecto. Quo quos velit vero est aliquam rerum. Quia quae ab eius deleniti voluptatem voluptas et.', 1897127291, '2019-09-16 05:52:21', '2019-09-16 05:52:21'),
(291, 29, 'Stone Gaylord', 'Pariatur rerum nihil recusandae magnam. Sit quidem rerum sequi. Magnam omnis et et. Id est error debitis dignissimos. Aperiam atque et dolor sed quis earum.', 1173521205, '2019-09-16 05:52:21', '2019-09-16 05:52:21'),
(292, 1, 'Mr. Faustino Bergstrom', 'Sit maxime praesentium a quis. Deserunt quia amet laboriosam et. Neque natus dolor iste laudantium dolorem occaecati accusantium est. Ad maiores corporis dolorem at. Alias tempore rerum qui libero ipsa ipsam eum.', 1172165235, '2019-09-16 05:52:21', '2019-09-16 05:52:21'),
(293, 69, 'Devin Upton', 'Deserunt consequatur quasi deleniti vel exercitationem perferendis. Dolorem et neque esse accusamus. Est incidunt quia nihil sint qui maiores eum.', 1113514768, '2019-09-16 05:52:21', '2019-09-16 05:52:21'),
(294, 95, 'Dr. Amos Prohaska PhD', 'Quis deserunt nisi laborum distinctio laborum. Tempora dolorem dolores aut et. Aperiam omnis reprehenderit quam quos quod.', 1750289769, '2019-09-16 05:52:21', '2019-09-16 05:52:21'),
(295, 92, 'Hazel Wilkinson', 'Dolorem sunt incidunt et voluptatem et. Magnam vel consectetur voluptas alias autem eum dolorem. Autem aut voluptates blanditiis quis. Dolorem est quis omnis quis enim ut ipsum.', 366191820, '2019-09-16 05:52:21', '2019-09-16 05:52:21'),
(296, 12, 'Mrs. Marianna Abbott IV', 'Eligendi aliquam a saepe quibusdam. Pariatur laboriosam magni rerum.', 760312430, '2019-09-16 05:52:21', '2019-09-16 05:52:21'),
(297, 43, 'Prof. Eulah Schuster', 'Itaque quo nihil delectus eos quam. Facilis soluta facilis dicta qui. Ea harum facere delectus dicta voluptas.', 1844995315, '2019-09-16 05:52:21', '2019-09-16 05:52:21'),
(298, 59, 'Emiliano Bauch', 'Debitis eius earum eos corrupti aliquid dolorem. Asperiores animi exercitationem culpa animi. Molestiae natus sint quam facere. Error excepturi perspiciatis praesentium.', 591530525, '2019-09-16 05:52:21', '2019-09-16 05:52:21'),
(299, 29, 'Mona Rowe', 'Enim a iure voluptatem in. Ratione qui cupiditate quia et et. Minima modi nulla est id ex.', 29866838, '2019-09-16 05:52:21', '2019-09-16 05:52:21'),
(300, 82, 'Luna Kunze', 'Earum eligendi dolorem sint molestias. Culpa qui nesciunt voluptas rem repellendus et. Doloremque aut veniam perspiciatis tempore pariatur accusantium ducimus eveniet. Temporibus reiciendis praesentium animi reprehenderit.', 749586822, '2019-09-16 05:52:21', '2019-09-16 05:52:21');

-- --------------------------------------------------------

--
-- Table structure for table `users`
--

CREATE TABLE `users` (
  `id` bigint(20) UNSIGNED NOT NULL,
  `name` varchar(255) COLLATE utf8_unicode_ci NOT NULL,
  `email` varchar(255) COLLATE utf8_unicode_ci NOT NULL,
  `email_verified_at` timestamp NULL DEFAULT NULL,
  `password` varchar(255) COLLATE utf8_unicode_ci NOT NULL,
  `remember_token` varchar(100) COLLATE utf8_unicode_ci DEFAULT NULL,
  `created_at` timestamp NULL DEFAULT NULL,
  `updated_at` timestamp NULL DEFAULT NULL
) ENGINE=InnoDB DEFAULT CHARSET=utf8 COLLATE=utf8_unicode_ci;

--
-- Indexes for dumped tables
--

--
-- Indexes for table `failed_jobs`
--
ALTER TABLE `failed_jobs`
  ADD PRIMARY KEY (`id`);

--
-- Indexes for table `migrations`
--
ALTER TABLE `migrations`
  ADD PRIMARY KEY (`id`);

--
-- Indexes for table `password_resets`
--
ALTER TABLE `password_resets`
  ADD KEY `password_resets_email_index` (`email`);

--
-- Indexes for table `products`
--
ALTER TABLE `products`
  ADD PRIMARY KEY (`id`);

--
-- Indexes for table `reviews`
--
ALTER TABLE `reviews`
  ADD PRIMARY KEY (`id`);

--
-- Indexes for table `users`
--
ALTER TABLE `users`
  ADD PRIMARY KEY (`id`),
  ADD UNIQUE KEY `users_email_unique` (`email`);

--
-- AUTO_INCREMENT for dumped tables
--

--
-- AUTO_INCREMENT for table `failed_jobs`
--
ALTER TABLE `failed_jobs`
  MODIFY `id` bigint(20) UNSIGNED NOT NULL AUTO_INCREMENT;

--
-- AUTO_INCREMENT for table `migrations`
--
ALTER TABLE `migrations`
  MODIFY `id` int(10) UNSIGNED NOT NULL AUTO_INCREMENT, AUTO_INCREMENT=5;

--
-- AUTO_INCREMENT for table `products`
--
ALTER TABLE `products`
  MODIFY `id` bigint(20) UNSIGNED NOT NULL AUTO_INCREMENT, AUTO_INCREMENT=101;

--
-- AUTO_INCREMENT for table `reviews`
--
ALTER TABLE `reviews`
  MODIFY `id` bigint(20) UNSIGNED NOT NULL AUTO_INCREMENT, AUTO_INCREMENT=301;

--
-- AUTO_INCREMENT for table `users`
--
ALTER TABLE `users`
  MODIFY `id` bigint(20) UNSIGNED NOT NULL AUTO_INCREMENT;
COMMIT;

/*!40101 SET CHARACTER_SET_CLIENT=@OLD_CHARACTER_SET_CLIENT */;
/*!40101 SET CHARACTER_SET_RESULTS=@OLD_CHARACTER_SET_RESULTS */;
/*!40101 SET COLLATION_CONNECTION=@OLD_COLLATION_CONNECTION */;
